title,aspect_category,aspect_term,sentence,score,sentiment
"Infinix Note 40X 5G (Lime Green, 256 GB)  (8 GB RAM)",Performance,processor,writing this review after 2 weeks of useexcellent phone no heating issue at all battery lasts full day processor also very fast design looks very premium camera is bit low but ok at this priceeasily having features of phones around 20k segment if you are thinking to buy it do not think twice go for it,0.1655,Positive
"Infinix Note 40X 5G (Lime Green, 256 GB)  (8 GB RAM)",Battery,battery life,best for gaming  quick charginggood battery lifemore advantagesin this price,0.6369,Positive
"Infinix Note 40X 5G (Lime Green, 256 GB)  (8 GB RAM)",Performance,ram,amazing phone i always try something new but as and when requiredmy earlier phone was realme 3 pro which was also great phone i used it 3 years and by mistake its screen got cracked so decided to buy this infinix phone because it gives 16 gb ram and 256 rom but other brands charging much morethanks to ekart and flipkart for timely delivery,0.714,Positive
"Infinix Note 40X 5G (Lime Green, 256 GB)  (8 GB RAM)",Connectivity,nfc,high storage good display in day but in bright sunlight seems little low could wish amoled in futurecamera seems ok but price wise performance and everything is ok for normal usagezoom feature is greatsound is good having equaliser and many settings latest android 14 and nfc support is greatthough i had not tested nfc nowcould any one tell how it can be used need to check and search on internet  maybe voice clarity is fine and dual app support overall a good experience with,0.9882,Positive
"Infinix Note 40X 5G (Lime Green, 256 GB)  (8 GB RAM)",Performance,speed,its internet performance is very poor it is a 5g phone but it does not show 5g speed everything else is fine the internet just runs like 4g,0.5029,Positive
"Infinix Note 40X 5G (Lime Green, 256 GB)  (8 GB RAM)",Face Unlock / Fingerprint,speed,its internet performance is very poor it is a 5g phone but it does not show 5g speed everything else is fine the internet just runs like 4g,0.5029,Positive
"Infinix Note 50x 5G+ (Enchanted Purple, 128 GB)  (6 GB RAM)",Display,size,good overall good battery size and charging design is ok both camera are surprising decent but performance is top knotch,0.7391,Positive
"Infinix Note 50x 5G+ (Enchanted Purple, 128 GB)  (6 GB RAM)",Face Unlock / Fingerprint,placement,yellow tints on displays absolute low quality phonereceived my product later when i started using phone found display is faulty has yellow tints on all 4 sides of the display now trying ti get a replacement will update my review later,-0.5267,Negative
"Infinix Note 50x 5G+ (Enchanted Purple, 128 GB)  (6 GB RAM)",Performance,processor,played bgmi best experience processor is best no leg sorry of someone got defective item but i have received genuine item i am bgmi lover and this is good no leg 60 fps and now waiting for an update to get 90 fps good bettery performance and good design big screen and many features,0.9607,Positive
"Infinix Note 50x 5G+ (Enchanted Purple, 128 GB)  (6 GB RAM)",Performance,processor,features like  only reason i bought is bypass charging  ir blaster dimensity 7300 processor silent call record fmonly thing dislike audio jack not given  also please infinix allow bypass charging to work with all chargers,-0.0418,Neutral
"Infinix Note 50x 5G+ (Enchanted Purple, 128 GB)  (6 GB RAM)",Performance,gaming performance,value for money product1 awesome gaming performance 2 superb battery,0.891,Positive
"Infinix Note 50x 5G+ (Enchanted Purple, 128 GB)  (6 GB RAM)",Battery,battery life,good battery life excellent performanceaverage camera qualityoverall excellent phone under 12k,0.8834,Positive
"Infinix Note 50x 5G+ (Enchanted Purple, 128 GB)  (6 GB RAM)",Performance,processor,camera rear good front average processor great disply dull look great box content great,0.926,Positive
"Motorola Edge 50 Fusion (Marshmallow Blue, 256 GB)  (12 GB RAM)",Design,weight,its a quick review will do a more detailed review soonpros 1 aesthetically a decent device2 awesome display and colors3 pretty fast with sd 12 ram4 waterproof and very light weight device5 supports fast charging and adapter in the box6 very thin device with minimal bezels on top and bottom7 vegan leather back finish is amazingand the fragrance that hits you once you open the box is just amazing  cons if i find any will edit the review,0.9371,Positive
"Motorola Edge 50 Fusion (Marshmallow Blue, 256 GB)  (12 GB RAM)",Performance,ram,its a quick review will do a more detailed review soonpros 1 aesthetically a decent device2 awesome display and colors3 pretty fast with sd 12 ram4 waterproof and very light weight device5 supports fast charging and adapter in the box6 very thin device with minimal bezels on top and bottom7 vegan leather back finish is amazingand the fragrance that hits you once you open the box is just amazing  cons if i find any will edit the review,0.9371,Positive
"Motorola Edge 50 Fusion (Marshmallow Blue, 256 GB)  (12 GB RAM)",Battery,battery life,produc is good with its premium class in budget ive been a motorola user for the past 10 years a little disappointed with battery life its consumption is fast but the device is epic with its performance love the camera performance,0.7812,Positive
"Motorola Edge 50 Fusion (Marshmallow Blue, 256 GB)  (12 GB RAM)",Battery,battery life,action speak louder then words good design good performance good battery life  outstanding 6x optical zoom camera no doubt this smartphone an art,0.9301,Positive
"Motorola Edge 50 Fusion (Marshmallow Blue, 256 GB)  (12 GB RAM)",Design,weight,amazing colour  photography sharplight weight toogreat deal,0.5859,Positive
"Motorola Edge 50 Fusion (Marshmallow Blue, 256 GB)  (12 GB RAM)",Design,weight,great phone without any hesitation just go for it best display at this price range  lightweight great battery backup 0 to 100 charge in 72 minutes only back camera is better littlebit disappoint with selfie camera,0.9373,Positive
"Motorola Edge 50 Fusion (Marshmallow Blue, 256 GB)  (12 GB RAM)",Performance,speed,reviewing after 6 days of usagethis is killer phone at this price range for me everything is perfect in moto edge 50 fusiondesign looks premium display is top notchi have used it for 6 days batterys performance was very good i am getting 1 full day with normal usage call quality is good when tested jio 5g speed was around 450mbps sound quality with stereo speaker is better than asked i feared about the heating issue but there is no much heating while using the device ca,0.0507,Positive
"Motorola Edge 50 Fusion (Marshmallow Blue, 256 GB)  (12 GB RAM)",Connectivity,call quality,reviewing after 6 days of usagethis is killer phone at this price range for me everything is perfect in moto edge 50 fusiondesign looks premium display is top notchi have used it for 6 days batterys performance was very good i am getting 1 full day with normal usage call quality is good when tested jio 5g speed was around 450mbps sound quality with stereo speaker is better than asked i feared about the heating issue but there is no much heating while using the device ca,0.0507,Positive
"Motorola Edge 50 Fusion (Marshmallow Blue, 256 GB)  (12 GB RAM)",Face Unlock / Fingerprint,speed,reviewing after 6 days of usagethis is killer phone at this price range for me everything is perfect in moto edge 50 fusiondesign looks premium display is top notchi have used it for 6 days batterys performance was very good i am getting 1 full day with normal usage call quality is good when tested jio 5g speed was around 450mbps sound quality with stereo speaker is better than asked i feared about the heating issue but there is no much heating while using the device ca,0.0507,Positive
"Motorola Edge 50 Fusion (Marshmallow Blue, 256 GB)  (12 GB RAM)",Battery,battery life,the phone looks good and operates smoothly the os is clean android the camera is good and the battery life is strong however this is the second motorola phone ive had and im deducting two stars due to a persistent mic issue on both phones my voice gets distorted during calls ive checked this in different locations so its not a signal issue its definitely a problem with the mic motorola should address this issue,0.8442,Positive
"Motorola Edge 50 Fusion (Marshmallow Blue, 256 GB)  (12 GB RAM)",Camera,video quality,i have liked this phone very much it is very thin and very light too but what i liked the most is its girly hot pink look and its back leather finishi took some pictures with its camera which were a bit saturated but overall the pictures were quite good its video quality is the same but its ois is much better than other phonestalking about battery backup after charging i used it throughout the day and it lasted for 8 hoursin the end i would say that its pink variant is very suitable,0.9292,Positive
"Motorola Edge 50 Fusion (Marshmallow Blue, 256 GB)  (12 GB RAM)",Battery,battery life,premium and a classy product awesome camera clarity good battery life and very smooth performance with a clean ui goat,0.936,Positive
"Motorola Edge 50 Fusion (Marshmallow Blue, 256 GB)  (12 GB RAM)",Design,weight,good camera light weight screen is goodoverheating issue observed in 2 days while charging a big problem,0.0516,Positive
"Motorola Edge 50 Fusion (Marshmallow Blue, 256 GB)  (12 GB RAM)",Design,weight,great phone nicely priced the screen is top notch for this price and the looksi am in love with the lightweight body and the narrow width of the phoneoverall a complete package,0.9186,Positive
"Motorola Edge 50 Fusion (Marshmallow Blue, 256 GB)  (12 GB RAM)",Battery,battery life,im absolutely loving my new motorola the display is stunning with vibrant colors and crystalclear clarity the battery life is impressive easily lasting a full day with heavy usage the camera takes amazing photos even in low light conditions the performance is seamless with fast loading times and smooth multitasking the design is sleek and premium fitting comfortably in my hand,0.9783,Positive
"Motorola Edge 50 Fusion (Marshmallow Blue, 256 GB)  (12 GB RAM)",Design,weight,so happy after expressing this sweet phoneawesome phone at this pricecamera 455performance 355display 55experience 55lightweight and sleek phonehaptics might be given better,0.8858,Positive
"Motorola Edge 50 Fusion (Marshmallow Blue, 256 GB)  (12 GB RAM)",Display,refresh rate,if anyone is looking for a review of this phone then heshe can read this post or i recommend youll to watch youtube reviews for better understandingpros 1 the motorola edge 50 fusion offers a premium design with a glass front vegan leather back and ip68 rating2 the 67inch poled display delivers vibrant colors and a smooth 144hz refresh rate protected by gorilla glass 53 powered by the snapdragon 7s gen 2 chipset and running android 14 the phone provides smooth perfo,0.8934,Positive
"Motorola Edge 50 Fusion (Marshmallow Blue, 256 GB)  (12 GB RAM)",Design,weight,love this phone battery is good but need significant improvements performance base awesome 12gb varientno comment for dispay qualitythat unbelievable all rounder phone at this price segment weightles slim sleeky design you definitely love this motorola  never regret but my power button little bit loose,0.9806,Positive
"Motorola Edge 50 Fusion (Marshmallow Blue, 256 GB)  (12 GB RAM)",Display,brightness,camera really moto has given the best camera for this modeldisplay  stunning curved edged display with the good brightness battery  it is really good with this specification performance  nailed it with this priceover all  necessary buying product for this price ranges moto wat a come back with your all brand new models great,0.9617,Positive
"Motorola Edge 50 Fusion (Marshmallow Blue, 256 GB)  (12 GB RAM)",Performance,ram,124gb boost ram 256gb performance 710battery 810display 910design 910camera 910speakers 710heating heats during charging and gaming bgmi minor heating but there is no issue of overheating camera shutter speed is low takes little time for processing images after clicking the photos but it gives great photos and videos awesome stabilization for videos battery drains during gaming great phone for daily usage under this price segment battery gives 8hrs of usage charging,0.9464,Positive
"Motorola Edge 50 Fusion (Marshmallow Blue, 256 GB)  (12 GB RAM)",Performance,speed,124gb boost ram 256gb performance 710battery 810display 910design 910camera 910speakers 710heating heats during charging and gaming bgmi minor heating but there is no issue of overheating camera shutter speed is low takes little time for processing images after clicking the photos but it gives great photos and videos awesome stabilization for videos battery drains during gaming great phone for daily usage under this price segment battery gives 8hrs of usage charging,0.9464,Positive
"Motorola Edge 50 Fusion (Marshmallow Blue, 256 GB)  (12 GB RAM)",Camera,stabilization,124gb boost ram 256gb performance 710battery 810display 910design 910camera 910speakers 710heating heats during charging and gaming bgmi minor heating but there is no issue of overheating camera shutter speed is low takes little time for processing images after clicking the photos but it gives great photos and videos awesome stabilization for videos battery drains during gaming great phone for daily usage under this price segment battery gives 8hrs of usage charging,0.9464,Positive
"Motorola Edge 50 Fusion (Marshmallow Blue, 256 GB)  (12 GB RAM)",Face Unlock / Fingerprint,speed,124gb boost ram 256gb performance 710battery 810display 910design 910camera 910speakers 710heating heats during charging and gaming bgmi minor heating but there is no issue of overheating camera shutter speed is low takes little time for processing images after clicking the photos but it gives great photos and videos awesome stabilization for videos battery drains during gaming great phone for daily usage under this price segment battery gives 8hrs of usage charging,0.9464,Positive
"Motorola Edge 50 Fusion (Marshmallow Blue, 256 GB)  (12 GB RAM)",Performance,speed,camerasharpness is good picture quality is good the dynamic range could be better though i think it is just a software problem otherwise the camera sensor is goodbatteryit is good even after an entire day of usage in mixed usages it is left with 20 of the charge leftthe charging speed is very very goodthe standby on the other hand can be improved again thats a software feature and could be enhanced by a software updatedisplayit is strikingly good at this price colors are ac,0.9623,Positive
"Motorola Edge 50 Fusion (Marshmallow Blue, 256 GB)  (12 GB RAM)",Battery,charging speed,camerasharpness is good picture quality is good the dynamic range could be better though i think it is just a software problem otherwise the camera sensor is goodbatteryit is good even after an entire day of usage in mixed usages it is left with 20 of the charge leftthe charging speed is very very goodthe standby on the other hand can be improved again thats a software feature and could be enhanced by a software updatedisplayit is strikingly good at this price colors are ac,0.9623,Positive
"Motorola Edge 50 Fusion (Marshmallow Blue, 256 GB)  (12 GB RAM)",Face Unlock / Fingerprint,speed,camerasharpness is good picture quality is good the dynamic range could be better though i think it is just a software problem otherwise the camera sensor is goodbatteryit is good even after an entire day of usage in mixed usages it is left with 20 of the charge leftthe charging speed is very very goodthe standby on the other hand can be improved again thats a software feature and could be enhanced by a software updatedisplayit is strikingly good at this price colors are ac,0.9623,Positive
"Motorola Edge 50 Fusion (Marshmallow Blue, 256 GB)  (12 GB RAM)",Software,bloatware,moved from iphone 12 to this device because i was bored of using apple did not expect much but the phone is pretty decent the battery will easily last you for a day and even if it doesnt you can use the fast charger to charge your phone quickly the display is excellent however i am finding it a little difficult to find a tempered glass because of the curve screen good thing is that there is very little bloatware and you can disable that so you will not get any unnecessary notifications,0.9318,Positive
"Motorola Edge 50 Fusion (Marshmallow Blue, 256 GB)  (12 GB RAM)",Design,build quality,moto has literally it this time with edge 50 fusionbuild quality and design  simplistically ergonomicdisplay  the best curved oled display in this segment handsdown and it makes it very easy to hold the phonebattery  astounding battery backup even being used continuously on 5g network andor wifi sot of 6 hourscameras  brand is listening to us both the cameras capture amazing social media ready imagesmultimedia  dolby atmos makes a big difference it enhances this phones c,0.9476,Positive
"Motorola Edge 50 Fusion (Marshmallow Blue, 256 GB)  (12 GB RAM)",Performance,gaming performance,starting with the review  when we open the box i liked the perfume smell the packaging is very good the display is a killer one  looks like a flagship phone camera quality is amazing and the front camera is also best the performance is very good  if you need only gaming performance please choose other mobile this performance is also very good and it is an excellent all rounder phone very much value for money its a comeback for motorola with this 50 series mobiles  everything is,0.9791,Positive
"Motorola Edge 50 Fusion (Marshmallow Blue, 256 GB)  (12 GB RAM)",Design,build quality,this phone is by far the best camera phone for me i have ever used my last phone was a oneplus 9r but the camera was not good this phone has very excellent camera picture quality very good battery life of 24 hours if normal usage the display is awesome the build quality looks strong very light weight 5 star for everything highly recommended i am writing this review after 1 month of using this phone,0.975,Positive
"Motorola Edge 50 Fusion (Marshmallow Blue, 256 GB)  (12 GB RAM)",Design,weight,this phone is by far the best camera phone for me i have ever used my last phone was a oneplus 9r but the camera was not good this phone has very excellent camera picture quality very good battery life of 24 hours if normal usage the display is awesome the build quality looks strong very light weight 5 star for everything highly recommended i am writing this review after 1 month of using this phone,0.975,Positive
"Motorola Edge 50 Fusion (Marshmallow Blue, 256 GB)  (12 GB RAM)",Battery,battery life,this phone is by far the best camera phone for me i have ever used my last phone was a oneplus 9r but the camera was not good this phone has very excellent camera picture quality very good battery life of 24 hours if normal usage the display is awesome the build quality looks strong very light weight 5 star for everything highly recommended i am writing this review after 1 month of using this phone,0.975,Positive
"Motorola Edge 50 Fusion (Marshmallow Blue, 256 GB)  (12 GB RAM)",Performance,speed,display 5battery 4design 5performance 5camera 5charging speed 3ip 68 5 best value for money mobile,0.765,Positive
"Motorola Edge 50 Fusion (Marshmallow Blue, 256 GB)  (12 GB RAM)",Battery,charging speed,display 5battery 4design 5performance 5camera 5charging speed 3ip 68 5 best value for money mobile,0.765,Positive
"Motorola Edge 50 Fusion (Marshmallow Blue, 256 GB)  (12 GB RAM)",Face Unlock / Fingerprint,speed,display 5battery 4design 5performance 5camera 5charging speed 3ip 68 5 best value for money mobile,0.765,Positive
"Motorola Edge 50 Fusion (Marshmallow Blue, 256 GB)  (12 GB RAM)",Design,weight,great phone nicely priced the screen is top notch for this price and the looksi am in love with the lightweight body and the narrow width of the phoneoverall a complete package,0.9186,Positive
"Motorola Edge 50 Fusion (Marshmallow Blue, 256 GB)  (12 GB RAM)",Battery,battery life,considering the price this product is absolutely mind blowing new camera sensor is capable of taking really good shotsperformance wise hello ui is very ossm  you never feel this phone has 7s gen 2 fluid animations smooth uidisplay is just 144 hz is buttery smooth and colors are bright and vivid seeing content is very pleasing and touch response is great allover display and no mistouch issue on curved sidesbattery charging combo is excellent  battery life is very good and so,0.9765,Positive
"Motorola Edge 50 Fusion (Marshmallow Blue, 256 GB)  (12 GB RAM)",Performance,processor,the motorola edge 50 fusion is a sleek and premiumlooking phone that feels great in hand the edgetoedge display is stunning providing a truly immersive viewing experience the phone boasts impressive features like a good processor ample storage and a versatile camera system however some users have reported that the battery drains quickly which can be a downside for heavy users overall the motorola edge 50 fusion is a solid choice for those looking for a stylish and featurepacked,0.9643,Positive
"Motorola Edge 50 Fusion (Marshmallow Blue, 256 GB)  (12 GB RAM)",Design,weight,so slim and light weight product with high quality screen with 1600nits  and configurarion of mobile is above parworking tremendously well as you cant get the whole package product in this price range that i can guarantee you motorola is always amused with his mobile phones i dont understand why it is so underrated in the indian market buy for sure everyone loves it,0.9041,Positive
"Motorola Edge 50 Fusion (Marshmallow Blue, 256 GB)  (12 GB RAM)",Design,weight,good phone very nice for office use or any normal use very light weight,0.7178,Positive
"Motorola Edge 50 Fusion (Marshmallow Blue, 256 GB)  (12 GB RAM)",Design,build quality,moto has literally it this time with edge 50 fusionbuild quality and design  simplistically ergonomicdisplay  the best curved oled display in this segment handsdown and it makes it very easy to hold the phonebattery  astounding battery backup even being used continuously on 5g network andor wifi sot of 6 hourscameras  brand is listening to us both the cameras capture amazing social media ready imagesmultimedia  dolby atmos makes a big difference it enhances this phones c,0.9476,Positive
"Motorola Edge 50 Fusion (Marshmallow Blue, 256 GB)  (12 GB RAM)",Display,refresh rate,best value for money trust me you can go for it without any hesitation nowadays motorola doing far better than samsung and other brands in this segment and also in securitycamera 55performance 55design 55battery 55display 55i am telling you in one wordthis phone in this price range is killerlike motorola providing nfcip68 rating 144hz refresh rate and much more things in securityso you can go for it,0.9276,Positive
"Motorola Edge 50 Fusion (Marshmallow Blue, 256 GB)  (12 GB RAM)",Connectivity,nfc,best value for money trust me you can go for it without any hesitation nowadays motorola doing far better than samsung and other brands in this segment and also in securitycamera 55performance 55design 55battery 55display 55i am telling you in one wordthis phone in this price range is killerlike motorola providing nfcip68 rating 144hz refresh rate and much more things in securityso you can go for it,0.9276,Positive
"Motorola Edge 50 Fusion (Marshmallow Blue, 256 GB)  (12 GB RAM)",Display,brightness,pros1 phone looks good  slim  and elegant and has a nice grip2 adequate screen brightness 3 good speakers4 practically no bloatware cons1 hanging problem there seems to be a hanging problem the phone lags at times2 the back case has provided with the phone  needs improvement it broke while fixing had to place an order for a new case,0.743,Positive
"Motorola Edge 50 Fusion (Marshmallow Blue, 256 GB)  (12 GB RAM)",Software,bloatware,pros1 phone looks good  slim  and elegant and has a nice grip2 adequate screen brightness 3 good speakers4 practically no bloatware cons1 hanging problem there seems to be a hanging problem the phone lags at times2 the back case has provided with the phone  needs improvement it broke while fixing had to place an order for a new case,0.743,Positive
"Motorola Edge 50 Fusion (Marshmallow Blue, 256 GB)  (12 GB RAM)",Display,refresh rate,i would like to say  this is the best ever phone under 25k compared to others phone segment performance display and battery is top notch  55camera is 45if you want more life on battery please keep the display refresh rate in auto mode youll get a better battery life on the phoneand does anyone have the heating issues while charging  to avoid that keep the wifi or data bluetooth and location off while charging because i tried really it works,0.8957,Positive
"Motorola Edge 50 Fusion (Marshmallow Blue, 256 GB)  (12 GB RAM)",Battery,battery life,i would like to say  this is the best ever phone under 25k compared to others phone segment performance display and battery is top notch  55camera is 45if you want more life on battery please keep the display refresh rate in auto mode youll get a better battery life on the phoneand does anyone have the heating issues while charging  to avoid that keep the wifi or data bluetooth and location off while charging because i tried really it works,0.8957,Positive
"Motorola Edge 50 Fusion (Marshmallow Blue, 256 GB)  (12 GB RAM)",Connectivity,bluetooth,i would like to say  this is the best ever phone under 25k compared to others phone segment performance display and battery is top notch  55camera is 45if you want more life on battery please keep the display refresh rate in auto mode youll get a better battery life on the phoneand does anyone have the heating issues while charging  to avoid that keep the wifi or data bluetooth and location off while charging because i tried really it works,0.8957,Positive
"MOTOROLA Edge 60 Fusion 5G (PANTONE Amazonite, 256 GB)  (12 GB RAM)",Software,bloatware,excellent overall experience till now battery camera quality screen quality sound quality everything perfectpure stock android experience and no bloatwares ads and no preinstalled apps is something i love in motorola phones,0.6705,Positive
"MOTOROLA Edge 60 Fusion 5G (PANTONE Amazonite, 256 GB)  (12 GB RAM)",Camera,video quality,video quality is good overall all good phone for everyone who all want a balanced phone,0.7269,Positive
"MOTOROLA Edge 60 Fusion 5G (PANTONE Amazonite, 256 GB)  (12 GB RAM)",Design,weight,awesome phone moto is giving best phones among peers beautiful and lightweight phone has 68w charger in box,0.9393,Positive
"MOTOROLA Edge 60 Fusion 5G (PANTONE Amazonite, 256 GB)  (12 GB RAM)",Camera,portrait mode,camera is good but could be better  portrait mode is so so to detect proper edges,0.7003,Positive
"MOTOROLA Edge 60 Fusion 5G (PANTONE Amazonite, 256 GB)  (12 GB RAM)",Design,weight,superb light weight  go for it performance is super camera compare to other g73 a huge difference,0.8834,Positive
"MOTOROLA Edge 60 Fusion 5G (PANTONE Amazonite, 256 GB)  (12 GB RAM)",Design,weight,pro1 light weight2good design3good battery and fast charging4 ai features are goodcons1lags alot 2 multi tasking has issues3 the camera is average ok for the priceoverall good phone in the package,0.6249,Positive
"MOTOROLA Edge 60 Fusion 5G (PANTONE Amazonite, 256 GB)  (12 GB RAM)",Design,build quality,mobile is super in look and featuresbuild quality is not up to mark and overheating for 30 minutes usage,0.5994,Positive
"MOTOROLA Edge 60 Fusion 5G (PANTONE Amazonite, 256 GB)  (12 GB RAM)",Battery,battery life,value for money and solid performance with good battery life with very heavy calling and internet is on always getting full 24 hrs,0.7096,Positive
"MOTOROLA Edge 60 Fusion 5G (PANTONE Amazonite, 256 GB)  (12 GB RAM)",Performance,speed,this phone is slim stylish and has a curved display great internet speed and awesome battery life its a fantastic phone for the price,0.9153,Positive
"MOTOROLA Edge 60 Fusion 5G (PANTONE Amazonite, 256 GB)  (12 GB RAM)",Battery,battery life,this phone is slim stylish and has a curved display great internet speed and awesome battery life its a fantastic phone for the price,0.9153,Positive
"MOTOROLA Edge 60 Fusion 5G (PANTONE Amazonite, 256 GB)  (12 GB RAM)",Face Unlock / Fingerprint,speed,this phone is slim stylish and has a curved display great internet speed and awesome battery life its a fantastic phone for the price,0.9153,Positive
"MOTOROLA Edge 60 Fusion 5G (PANTONE Amazonite, 256 GB)  (12 GB RAM)",Performance,ram,mobile is good but i got 8gb ram variant in place of 12 gb then i made replacement for that and again same incident happened so finally i had to return the productso kindly make sure that the product delivered to you is 8gb or 12 gb ram,0.8481,Positive
"MOTOROLA Edge 60 Fusion 5G (PANTONE Amazonite, 256 GB)  (12 GB RAM)",Face Unlock / Fingerprint,placement,mobile is good but i got 8gb ram variant in place of 12 gb then i made replacement for that and again same incident happened so finally i had to return the productso kindly make sure that the product delivered to you is 8gb or 12 gb ram,0.8481,Positive
"MOTOROLA Edge 60 Fusion 5G (PANTONE Amazonite, 256 GB)  (8 GB RAM)",Design,weight,one of the best phones in this price rangeprosdesign it has got a very sleek design with great looks and is light weightdisplay curved screen is very good with vibrant colours and crystal clear displaybattery it has fast charging with good battery backup gets charged in 3060 mins and lasts a day on regular useperformance  performance is good there is some lag on heavy usageconsperformance there is a very slight lag on very heavy usage could be better in 12 gb ram as i am us,0.9677,Positive
"MOTOROLA Edge 60 Fusion 5G (PANTONE Amazonite, 256 GB)  (8 GB RAM)",Performance,ram,one of the best phones in this price rangeprosdesign it has got a very sleek design with great looks and is light weightdisplay curved screen is very good with vibrant colours and crystal clear displaybattery it has fast charging with good battery backup gets charged in 3060 mins and lasts a day on regular useperformance  performance is good there is some lag on heavy usageconsperformance there is a very slight lag on very heavy usage could be better in 12 gb ram as i am us,0.9677,Positive
"MOTOROLA Edge 60 Fusion 5G (PANTONE Amazonite, 256 GB)  (8 GB RAM)",Design,weight,everything is just superbi cant believe its my 4th motorola phone but it has just unexpected experiencedisplay is just awasome feels premium quality mobilejust go for it blindlycamera is  superbbattery is decentperformance excellentvey light weight feels handy love it,0.7783,Positive
"MOTOROLA Edge 60 Fusion 5G (PANTONE Amazonite, 256 GB)  (8 GB RAM)",Performance,speed,ultimate all in one phone since i am a user of edge 50 fusion i am satisfied but missing two features ie no app lock and internet speed not showing on top but now they provide the same on 60 fusion and more ai features will edit the review in a few days if found anything important to updateanother thing i like about moto phones is the camera quality the photos show the actual colour and photos have good quality not any unnecessary  filters or processingclean ui,0.5736,Positive
"MOTOROLA Edge 60 Fusion 5G (PANTONE Amazonite, 256 GB)  (8 GB RAM)",Face Unlock / Fingerprint,speed,ultimate all in one phone since i am a user of edge 50 fusion i am satisfied but missing two features ie no app lock and internet speed not showing on top but now they provide the same on 60 fusion and more ai features will edit the review in a few days if found anything important to updateanother thing i like about moto phones is the camera quality the photos show the actual colour and photos have good quality not any unnecessary  filters or processingclean ui,0.5736,Positive
"MOTOROLA Edge 60 Fusion 5G (PANTONE Amazonite, 256 GB)  (8 GB RAM)",Design,weight,very nice phone camera battery is also very good and performance is very good very slim and light in weight,0.8583,Positive
"MOTOROLA Edge 60 Fusion 5G (PANTONE Amazonite, 256 GB)  (8 GB RAM)",Camera,photo quality,i think there is backlash in front camera quality then fusion 50 fusion 50 front camera photo quality is far better than 60 fusion maybe motorolla will fix this problem with an update,-0.058,Negative
"MOTOROLA Edge 60 Fusion 5G (PANTONE Amazonite, 256 GB)  (8 GB RAM)",Battery,battery capacity,very good mobile by motogood cameravery good displaygreat looks and designbattery capacity can be better,0.8399,Positive
"MOTOROLA Edge 60 Fusion 5G (PANTONE Amazonite, 256 GB)  (8 GB RAM)",Design,weight,just awesome but cover and screen guard not included and not available in online and offline marketphone is great light weight design is super speaker is clear and loud,0.9531,Positive
"MOTOROLA Edge 60 Fusion 5G (PANTONE Amazonite, 256 GB)  (8 GB RAM)",Battery,battery life,very good camera performance good battery life and best for normal daily tasks,0.8832,Positive
"MOTOROLA Edge 60 Fusion 5G (PANTONE Amazonite, 256 GB)  (8 GB RAM)",Display,refresh rate,pros 1excellent curvy display 2premium looks and pretty vegan leather design 3awesome camera with top quality in daylight 4smooth experience with good refresh rate 5best water resistance under this budget6storage of 256gb is also a decent choice cons1mid range processor 2not suitable for gamers and heavy users 368w in that budget isnt great atleast 80w4compared to other edge phones the thickness is slightly more no nfc5user experience and ui is average as it,0.3381,Positive
"MOTOROLA Edge 60 Fusion 5G (PANTONE Amazonite, 256 GB)  (8 GB RAM)",Performance,processor,pros 1excellent curvy display 2premium looks and pretty vegan leather design 3awesome camera with top quality in daylight 4smooth experience with good refresh rate 5best water resistance under this budget6storage of 256gb is also a decent choice cons1mid range processor 2not suitable for gamers and heavy users 368w in that budget isnt great atleast 80w4compared to other edge phones the thickness is slightly more no nfc5user experience and ui is average as it,0.3381,Positive
"MOTOROLA Edge 60 Fusion 5G (PANTONE Amazonite, 256 GB)  (8 GB RAM)",Connectivity,nfc,pros 1excellent curvy display 2premium looks and pretty vegan leather design 3awesome camera with top quality in daylight 4smooth experience with good refresh rate 5best water resistance under this budget6storage of 256gb is also a decent choice cons1mid range processor 2not suitable for gamers and heavy users 368w in that budget isnt great atleast 80w4compared to other edge phones the thickness is slightly more no nfc5user experience and ui is average as it,0.3381,Positive
"MOTOROLA Edge 60 Fusion 5G (PANTONE Amazonite, 256 GB)  (8 GB RAM)",Connectivity,call quality,great phone at a superb price feels very good in handmind blowing screenbattery survives for more than 24 hrs even if u use it continouslygreat audio call quality good headphone quality as wellgaming i did not trycamera is also very good,0.9551,Positive
"MOTOROLA Edge 60 Fusion 5G (PANTONE Amazonite, 256 GB)  (8 GB RAM)",Accessories,screen protector,mobile is very gooddisplay fantastic battery very goodcamera excellent performance good it can handle games but not for gamersui is having some lags they may fix soonthis is very good phone for normal usage with all rounder and also for parents is very a good option buy screen protector and case when you purchase this mobile other wise vegan leather back is easily get dirtyblindly you can buy it for normal multitasking,0.9609,Positive
"MOTOROLA Edge 60 Fusion 5G (PANTONE Amazonite, 256 GB)  (8 GB RAM)",Performance,processor,great phone at a affordable price processor could have been bettercamera is great display is outstanding,0.9217,Positive
"MOTOROLA Edge 60 Fusion 5G (PANTONE Amazonite, 256 GB)  (8 GB RAM)",Battery,battery life,mobile is very good in this price rangevalue for moneycamera is goodbattery life is also goodlittle bit heating problem while chargingmobile phone is handy but without cover its little bit slippery hence used with carethis is a disappointment from the motorola that they are not provided back cover and no protection cover over the displayoverall its performance is good but can give true feedback after one month,0.1397,Positive
"MOTOROLA Edge 60 Fusion 5G (PANTONE Amazonite, 256 GB)  (8 GB RAM)",Design,weight,design and display is good lightweight and sleek design looking very beautiful design,0.796,Positive
"MOTOROLA Edge 60 Fusion 5G (PANTONE Amazonite, 256 GB)  (8 GB RAM)",Design,weight,such a well balanced less weight  easy to carry  and gorgeous display along with dolby  along with curvy beauty phone  it touches every aspect in phone scenario what else we could expect more than this in a phone  just go for it worth every penny at this price range actually its above ahead to other brands also,0.9249,Positive
"MOTOROLA Edge 60 Fusion 5G (PANTONE Amazonite, 256 GB)  (8 GB RAM)",Accessories,screen protector,every thing is good in this price range display 1010camera 910performance 810overall good phone but company need to provide screen protector and mobile cover,0.4404,Positive
"MOTOROLA Edge 60 Fusion 5G (PANTONE Amazonite, 256 GB)  (8 GB RAM)",Camera,photo quality,camera is not good but photo quality good,0.4848,Positive
"MOTOROLA Edge 60 Fusion 5G (PANTONE Slipstream, 256 GB)  (8 GB RAM)",Design,weight,one of the best phones in this price rangeprosdesign it has got a very sleek design with great looks and is light weightdisplay curved screen is very good with vibrant colours and crystal clear displaybattery it has fast charging with good battery backup gets charged in 3060 mins and lasts a day on regular useperformance  performance is good there is some lag on heavy usageconsperformance there is a very slight lag on very heavy usage could be better in 12 gb ram as i am us,0.9677,Positive
"MOTOROLA Edge 60 Fusion 5G (PANTONE Slipstream, 256 GB)  (8 GB RAM)",Performance,ram,one of the best phones in this price rangeprosdesign it has got a very sleek design with great looks and is light weightdisplay curved screen is very good with vibrant colours and crystal clear displaybattery it has fast charging with good battery backup gets charged in 3060 mins and lasts a day on regular useperformance  performance is good there is some lag on heavy usageconsperformance there is a very slight lag on very heavy usage could be better in 12 gb ram as i am us,0.9677,Positive
"MOTOROLA Edge 60 Fusion 5G (PANTONE Slipstream, 256 GB)  (8 GB RAM)",Design,weight,everything is just superbi cant believe its my 4th motorola phone but it has just unexpected experiencedisplay is just awasome feels premium quality mobilejust go for it blindlycamera is  superbbattery is decentperformance excellentvey light weight feels handy love it,0.7783,Positive
"MOTOROLA Edge 60 Fusion 5G (PANTONE Slipstream, 256 GB)  (8 GB RAM)",Performance,speed,ultimate all in one phone since i am a user of edge 50 fusion i am satisfied but missing two features ie no app lock and internet speed not showing on top but now they provide the same on 60 fusion and more ai features will edit the review in a few days if found anything important to updateanother thing i like about moto phones is the camera quality the photos show the actual colour and photos have good quality not any unnecessary  filters or processingclean ui,0.5736,Positive
"MOTOROLA Edge 60 Fusion 5G (PANTONE Slipstream, 256 GB)  (8 GB RAM)",Face Unlock / Fingerprint,speed,ultimate all in one phone since i am a user of edge 50 fusion i am satisfied but missing two features ie no app lock and internet speed not showing on top but now they provide the same on 60 fusion and more ai features will edit the review in a few days if found anything important to updateanother thing i like about moto phones is the camera quality the photos show the actual colour and photos have good quality not any unnecessary  filters or processingclean ui,0.5736,Positive
"MOTOROLA Edge 60 Fusion 5G (PANTONE Slipstream, 256 GB)  (8 GB RAM)",Design,weight,very nice phone camera battery is also very good and performance is very good very slim and light in weight,0.8583,Positive
"MOTOROLA Edge 60 Fusion 5G (PANTONE Slipstream, 256 GB)  (8 GB RAM)",Camera,photo quality,i think there is backlash in front camera quality then fusion 50 fusion 50 front camera photo quality is far better than 60 fusion maybe motorolla will fix this problem with an update,-0.058,Negative
"MOTOROLA Edge 60 Fusion 5G (PANTONE Slipstream, 256 GB)  (8 GB RAM)",Battery,battery capacity,very good mobile by motogood cameravery good displaygreat looks and designbattery capacity can be better,0.8399,Positive
"MOTOROLA Edge 60 Fusion 5G (PANTONE Slipstream, 256 GB)  (8 GB RAM)",Design,weight,just awesome but cover and screen guard not included and not available in online and offline marketphone is great light weight design is super speaker is clear and loud,0.9531,Positive
"MOTOROLA Edge 60 Fusion 5G (PANTONE Slipstream, 256 GB)  (8 GB RAM)",Battery,battery life,very good camera performance good battery life and best for normal daily tasks,0.8832,Positive
"MOTOROLA Edge 60 Fusion 5G (PANTONE Slipstream, 256 GB)  (8 GB RAM)",Display,refresh rate,pros 1excellent curvy display 2premium looks and pretty vegan leather design 3awesome camera with top quality in daylight 4smooth experience with good refresh rate 5best water resistance under this budget6storage of 256gb is also a decent choice cons1mid range processor 2not suitable for gamers and heavy users 368w in that budget isnt great atleast 80w4compared to other edge phones the thickness is slightly more no nfc5user experience and ui is average as it,0.3381,Positive
"MOTOROLA Edge 60 Fusion 5G (PANTONE Slipstream, 256 GB)  (8 GB RAM)",Performance,processor,pros 1excellent curvy display 2premium looks and pretty vegan leather design 3awesome camera with top quality in daylight 4smooth experience with good refresh rate 5best water resistance under this budget6storage of 256gb is also a decent choice cons1mid range processor 2not suitable for gamers and heavy users 368w in that budget isnt great atleast 80w4compared to other edge phones the thickness is slightly more no nfc5user experience and ui is average as it,0.3381,Positive
"MOTOROLA Edge 60 Fusion 5G (PANTONE Slipstream, 256 GB)  (8 GB RAM)",Connectivity,nfc,pros 1excellent curvy display 2premium looks and pretty vegan leather design 3awesome camera with top quality in daylight 4smooth experience with good refresh rate 5best water resistance under this budget6storage of 256gb is also a decent choice cons1mid range processor 2not suitable for gamers and heavy users 368w in that budget isnt great atleast 80w4compared to other edge phones the thickness is slightly more no nfc5user experience and ui is average as it,0.3381,Positive
"MOTOROLA Edge 60 Fusion 5G (PANTONE Slipstream, 256 GB)  (8 GB RAM)",Connectivity,call quality,great phone at a superb price feels very good in handmind blowing screenbattery survives for more than 24 hrs even if u use it continouslygreat audio call quality good headphone quality as wellgaming i did not trycamera is also very good,0.9551,Positive
"MOTOROLA Edge 60 Fusion 5G (PANTONE Slipstream, 256 GB)  (8 GB RAM)",Accessories,screen protector,mobile is very gooddisplay fantastic battery very goodcamera excellent performance good it can handle games but not for gamersui is having some lags they may fix soonthis is very good phone for normal usage with all rounder and also for parents is very a good option buy screen protector and case when you purchase this mobile other wise vegan leather back is easily get dirtyblindly you can buy it for normal multitasking,0.9609,Positive
"MOTOROLA Edge 60 Fusion 5G (PANTONE Slipstream, 256 GB)  (8 GB RAM)",Performance,processor,great phone at a affordable price processor could have been bettercamera is great display is outstanding,0.9217,Positive
"MOTOROLA Edge 60 Fusion 5G (PANTONE Slipstream, 256 GB)  (8 GB RAM)",Battery,battery life,mobile is very good in this price rangevalue for moneycamera is goodbattery life is also goodlittle bit heating problem while chargingmobile phone is handy but without cover its little bit slippery hence used with carethis is a disappointment from the motorola that they are not provided back cover and no protection cover over the displayoverall its performance is good but can give true feedback after one month,0.1397,Positive
"MOTOROLA Edge 60 Fusion 5G (PANTONE Slipstream, 256 GB)  (8 GB RAM)",Design,weight,design and display is good lightweight and sleek design looking very beautiful design,0.796,Positive
"MOTOROLA Edge 60 Fusion 5G (PANTONE Slipstream, 256 GB)  (8 GB RAM)",Design,weight,such a well balanced less weight  easy to carry  and gorgeous display along with dolby  along with curvy beauty phone  it touches every aspect in phone scenario what else we could expect more than this in a phone  just go for it worth every penny at this price range actually its above ahead to other brands also,0.9249,Positive
"MOTOROLA Edge 60 Fusion 5G (PANTONE Slipstream, 256 GB)  (8 GB RAM)",Accessories,screen protector,every thing is good in this price range display 1010camera 910performance 810overall good phone but company need to provide screen protector and mobile cover,0.4404,Positive
"MOTOROLA Edge 60 Fusion 5G (PANTONE Slipstream, 256 GB)  (8 GB RAM)",Camera,photo quality,camera is not good but photo quality good,0.4848,Positive
"MOTOROLA Edge 60 Fusion 5G (PANTONE Zephyr, 256 GB)  (12 GB RAM)",Software,bloatware,excellent overall experience till now battery camera quality screen quality sound quality everything perfectpure stock android experience and no bloatwares ads and no preinstalled apps is something i love in motorola phones,0.6705,Positive
"MOTOROLA Edge 60 Fusion 5G (PANTONE Zephyr, 256 GB)  (12 GB RAM)",Camera,video quality,video quality is good overall all good phone for everyone who all want a balanced phone,0.7269,Positive
"MOTOROLA Edge 60 Fusion 5G (PANTONE Zephyr, 256 GB)  (12 GB RAM)",Design,weight,awesome phone moto is giving best phones among peers beautiful and lightweight phone has 68w charger in box,0.9393,Positive
"MOTOROLA Edge 60 Fusion 5G (PANTONE Zephyr, 256 GB)  (12 GB RAM)",Camera,portrait mode,camera is good but could be better  portrait mode is so so to detect proper edges,0.7003,Positive
"MOTOROLA Edge 60 Fusion 5G (PANTONE Zephyr, 256 GB)  (12 GB RAM)",Design,weight,superb light weight  go for it performance is super camera compare to other g73 a huge difference,0.8834,Positive
"MOTOROLA Edge 60 Fusion 5G (PANTONE Zephyr, 256 GB)  (12 GB RAM)",Design,weight,pro1 light weight2good design3good battery and fast charging4 ai features are goodcons1lags alot 2 multi tasking has issues3 the camera is average ok for the priceoverall good phone in the package,0.6249,Positive
"MOTOROLA Edge 60 Fusion 5G (PANTONE Zephyr, 256 GB)  (12 GB RAM)",Design,build quality,mobile is super in look and featuresbuild quality is not up to mark and overheating for 30 minutes usage,0.5994,Positive
"MOTOROLA Edge 60 Fusion 5G (PANTONE Zephyr, 256 GB)  (12 GB RAM)",Battery,battery life,value for money and solid performance with good battery life with very heavy calling and internet is on always getting full 24 hrs,0.7096,Positive
"MOTOROLA Edge 60 Fusion 5G (PANTONE Zephyr, 256 GB)  (12 GB RAM)",Performance,speed,this phone is slim stylish and has a curved display great internet speed and awesome battery life its a fantastic phone for the price,0.9153,Positive
"MOTOROLA Edge 60 Fusion 5G (PANTONE Zephyr, 256 GB)  (12 GB RAM)",Battery,battery life,this phone is slim stylish and has a curved display great internet speed and awesome battery life its a fantastic phone for the price,0.9153,Positive
"MOTOROLA Edge 60 Fusion 5G (PANTONE Zephyr, 256 GB)  (12 GB RAM)",Face Unlock / Fingerprint,speed,this phone is slim stylish and has a curved display great internet speed and awesome battery life its a fantastic phone for the price,0.9153,Positive
"MOTOROLA Edge 60 Fusion 5G (PANTONE Zephyr, 256 GB)  (12 GB RAM)",Performance,ram,mobile is good but i got 8gb ram variant in place of 12 gb then i made replacement for that and again same incident happened so finally i had to return the productso kindly make sure that the product delivered to you is 8gb or 12 gb ram,0.8481,Positive
"MOTOROLA Edge 60 Fusion 5G (PANTONE Zephyr, 256 GB)  (12 GB RAM)",Face Unlock / Fingerprint,placement,mobile is good but i got 8gb ram variant in place of 12 gb then i made replacement for that and again same incident happened so finally i had to return the productso kindly make sure that the product delivered to you is 8gb or 12 gb ram,0.8481,Positive
"MOTOROLA Edge 60 Fusion 5G (PANTONE Zephyr, 256 GB)  (8 GB RAM)",Design,weight,one of the best phones in this price rangeprosdesign it has got a very sleek design with great looks and is light weightdisplay curved screen is very good with vibrant colours and crystal clear displaybattery it has fast charging with good battery backup gets charged in 3060 mins and lasts a day on regular useperformance  performance is good there is some lag on heavy usageconsperformance there is a very slight lag on very heavy usage could be better in 12 gb ram as i am us,0.9677,Positive
"MOTOROLA Edge 60 Fusion 5G (PANTONE Zephyr, 256 GB)  (8 GB RAM)",Performance,ram,one of the best phones in this price rangeprosdesign it has got a very sleek design with great looks and is light weightdisplay curved screen is very good with vibrant colours and crystal clear displaybattery it has fast charging with good battery backup gets charged in 3060 mins and lasts a day on regular useperformance  performance is good there is some lag on heavy usageconsperformance there is a very slight lag on very heavy usage could be better in 12 gb ram as i am us,0.9677,Positive
"MOTOROLA Edge 60 Fusion 5G (PANTONE Zephyr, 256 GB)  (8 GB RAM)",Design,weight,everything is just superbi cant believe its my 4th motorola phone but it has just unexpected experiencedisplay is just awasome feels premium quality mobilejust go for it blindlycamera is  superbbattery is decentperformance excellentvey light weight feels handy love it,0.7783,Positive
"MOTOROLA Edge 60 Fusion 5G (PANTONE Zephyr, 256 GB)  (8 GB RAM)",Performance,speed,ultimate all in one phone since i am a user of edge 50 fusion i am satisfied but missing two features ie no app lock and internet speed not showing on top but now they provide the same on 60 fusion and more ai features will edit the review in a few days if found anything important to updateanother thing i like about moto phones is the camera quality the photos show the actual colour and photos have good quality not any unnecessary  filters or processingclean ui,0.5736,Positive
"MOTOROLA Edge 60 Fusion 5G (PANTONE Zephyr, 256 GB)  (8 GB RAM)",Face Unlock / Fingerprint,speed,ultimate all in one phone since i am a user of edge 50 fusion i am satisfied but missing two features ie no app lock and internet speed not showing on top but now they provide the same on 60 fusion and more ai features will edit the review in a few days if found anything important to updateanother thing i like about moto phones is the camera quality the photos show the actual colour and photos have good quality not any unnecessary  filters or processingclean ui,0.5736,Positive
"MOTOROLA Edge 60 Fusion 5G (PANTONE Zephyr, 256 GB)  (8 GB RAM)",Design,weight,very nice phone camera battery is also very good and performance is very good very slim and light in weight,0.8583,Positive
"MOTOROLA Edge 60 Fusion 5G (PANTONE Zephyr, 256 GB)  (8 GB RAM)",Camera,photo quality,i think there is backlash in front camera quality then fusion 50 fusion 50 front camera photo quality is far better than 60 fusion maybe motorolla will fix this problem with an update,-0.058,Negative
"MOTOROLA Edge 60 Fusion 5G (PANTONE Zephyr, 256 GB)  (8 GB RAM)",Battery,battery capacity,very good mobile by motogood cameravery good displaygreat looks and designbattery capacity can be better,0.8399,Positive
"MOTOROLA Edge 60 Fusion 5G (PANTONE Zephyr, 256 GB)  (8 GB RAM)",Design,weight,just awesome but cover and screen guard not included and not available in online and offline marketphone is great light weight design is super speaker is clear and loud,0.9531,Positive
"MOTOROLA Edge 60 Fusion 5G (PANTONE Zephyr, 256 GB)  (8 GB RAM)",Battery,battery life,very good camera performance good battery life and best for normal daily tasks,0.8832,Positive
"MOTOROLA Edge 60 Fusion 5G (PANTONE Zephyr, 256 GB)  (8 GB RAM)",Display,refresh rate,pros 1excellent curvy display 2premium looks and pretty vegan leather design 3awesome camera with top quality in daylight 4smooth experience with good refresh rate 5best water resistance under this budget6storage of 256gb is also a decent choice cons1mid range processor 2not suitable for gamers and heavy users 368w in that budget isnt great atleast 80w4compared to other edge phones the thickness is slightly more no nfc5user experience and ui is average as it,0.3381,Positive
"MOTOROLA Edge 60 Fusion 5G (PANTONE Zephyr, 256 GB)  (8 GB RAM)",Performance,processor,pros 1excellent curvy display 2premium looks and pretty vegan leather design 3awesome camera with top quality in daylight 4smooth experience with good refresh rate 5best water resistance under this budget6storage of 256gb is also a decent choice cons1mid range processor 2not suitable for gamers and heavy users 368w in that budget isnt great atleast 80w4compared to other edge phones the thickness is slightly more no nfc5user experience and ui is average as it,0.3381,Positive
"MOTOROLA Edge 60 Fusion 5G (PANTONE Zephyr, 256 GB)  (8 GB RAM)",Connectivity,nfc,pros 1excellent curvy display 2premium looks and pretty vegan leather design 3awesome camera with top quality in daylight 4smooth experience with good refresh rate 5best water resistance under this budget6storage of 256gb is also a decent choice cons1mid range processor 2not suitable for gamers and heavy users 368w in that budget isnt great atleast 80w4compared to other edge phones the thickness is slightly more no nfc5user experience and ui is average as it,0.3381,Positive
"MOTOROLA Edge 60 Fusion 5G (PANTONE Zephyr, 256 GB)  (8 GB RAM)",Connectivity,call quality,great phone at a superb price feels very good in handmind blowing screenbattery survives for more than 24 hrs even if u use it continouslygreat audio call quality good headphone quality as wellgaming i did not trycamera is also very good,0.9551,Positive
"MOTOROLA Edge 60 Fusion 5G (PANTONE Zephyr, 256 GB)  (8 GB RAM)",Accessories,screen protector,mobile is very gooddisplay fantastic battery very goodcamera excellent performance good it can handle games but not for gamersui is having some lags they may fix soonthis is very good phone for normal usage with all rounder and also for parents is very a good option buy screen protector and case when you purchase this mobile other wise vegan leather back is easily get dirtyblindly you can buy it for normal multitasking,0.9609,Positive
"MOTOROLA Edge 60 Fusion 5G (PANTONE Zephyr, 256 GB)  (8 GB RAM)",Performance,processor,great phone at a affordable price processor could have been bettercamera is great display is outstanding,0.9217,Positive
"MOTOROLA Edge 60 Fusion 5G (PANTONE Zephyr, 256 GB)  (8 GB RAM)",Battery,battery life,mobile is very good in this price rangevalue for moneycamera is goodbattery life is also goodlittle bit heating problem while chargingmobile phone is handy but without cover its little bit slippery hence used with carethis is a disappointment from the motorola that they are not provided back cover and no protection cover over the displayoverall its performance is good but can give true feedback after one month,0.1397,Positive
"MOTOROLA Edge 60 Fusion 5G (PANTONE Zephyr, 256 GB)  (8 GB RAM)",Design,weight,design and display is good lightweight and sleek design looking very beautiful design,0.796,Positive
"MOTOROLA Edge 60 Fusion 5G (PANTONE Zephyr, 256 GB)  (8 GB RAM)",Design,weight,such a well balanced less weight  easy to carry  and gorgeous display along with dolby  along with curvy beauty phone  it touches every aspect in phone scenario what else we could expect more than this in a phone  just go for it worth every penny at this price range actually its above ahead to other brands also,0.9249,Positive
"MOTOROLA Edge 60 Fusion 5G (PANTONE Zephyr, 256 GB)  (8 GB RAM)",Accessories,screen protector,every thing is good in this price range display 1010camera 910performance 810overall good phone but company need to provide screen protector and mobile cover,0.4404,Positive
"MOTOROLA Edge 60 Fusion 5G (PANTONE Zephyr, 256 GB)  (8 GB RAM)",Camera,photo quality,camera is not good but photo quality good,0.4848,Positive
"MOTOROLA g05 (Plum Red, 64 GB)  (4 GB RAM)",Audio,speaker quality,mobile is not like any budget segment phone the design the camera quality the speaker quality the display the ui the performance everything is top notch no complaintsbut the cons are no ir sensorslow chargingthats it overall its best in this segment,0.1255,Positive
"MOTOROLA g05 (Plum Red, 64 GB)  (4 GB RAM)",Accessories,screen protector,best mobile for your parentscamera display user experience is best for the price it could have been better if moto would have provided 18w power brick in the box and a basic screen protector,0.9062,Positive
"MOTOROLA g05 (Plum Red, 64 GB)  (4 GB RAM)",Software,bloatware,very good mobile has all the features stock android no unnecessary apps or bloatware runs good for daily use,0.5984,Positive
"MOTOROLA g05 (Plum Red, 64 GB)  (4 GB RAM)",Performance,processor,i bought this mobile for my office work to attempt the calls  teams messages when iam not infront of my office laptop overall mobile is ok except the performancei expected more from motorola os but the animations and everything is little laggy than expected even at this price rangeand one more thing they could have given 5g processorthis is not a complaintcant expect more from 7k prce range but to stand out from other mobile brands they could have given the 5g processor anyway it w,0.1531,Positive
"MOTOROLA g05 (Plum Red, 64 GB)  (4 GB RAM)",Performance,processor,1camera is very good2the better life is awesome but why should a 25 watt charger be given along with it3 display unexpectedly for this price range colour and viewing angle so beautiful with panch hole awesome  4 the design is good it is slightly higher than other phones5 the performance is very good and very nice the processor used in it is doing its job very well at present6 stereo sound and dolby atom have been managed so well by motorola company on this phone that whe,0.9901,Positive
"MOTOROLA g05 (Plum Red, 64 GB)  (4 GB RAM)",Performance,ram,mobile performance is amazing according to price point camera is not so impressive other all things are great just boost ram with 8gb for smooth performance clean ui experience with android 15,0.8721,Positive
"MOTOROLA g05 (Plum Red, 64 GB)  (4 GB RAM)",Performance,processor,everything is ok but the processor is slow,0.1531,Positive
"Motorola g45 5G (Brilliant Blue, 128 GB)  (4 GB RAM)",Display,size,camera is decent perfect size phonecharging speed slowdisplay is okay under 10k price best phone i this allrounder phone,0.8689,Positive
"Motorola g45 5G (Brilliant Blue, 128 GB)  (4 GB RAM)",Performance,speed,camera is decent perfect size phonecharging speed slowdisplay is okay under 10k price best phone i this allrounder phone,0.8689,Positive
"Motorola g45 5G (Brilliant Blue, 128 GB)  (4 GB RAM)",Battery,charging speed,camera is decent perfect size phonecharging speed slowdisplay is okay under 10k price best phone i this allrounder phone,0.8689,Positive
"Motorola g45 5G (Brilliant Blue, 128 GB)  (4 GB RAM)",Face Unlock / Fingerprint,speed,camera is decent perfect size phonecharging speed slowdisplay is okay under 10k price best phone i this allrounder phone,0.8689,Positive
"Motorola g45 5G (Brilliant Blue, 128 GB)  (4 GB RAM)",Performance,speed,overall a very good phone in this price range even better than most of mid range phone in some matters  i like this because i wasnt expecting this kind of performance from a 10k phone but it has exceeded my expectations if you are on hunt of buying a budget phone its good to gocamera is good with very good software for processing photos to a decent battery is also good as per daily use  charing speed is brilliant speakers are best feature of this phone so clear so loud  moto s,0.99,Positive
"Motorola g45 5G (Brilliant Blue, 128 GB)  (4 GB RAM)",Face Unlock / Fingerprint,speed,overall a very good phone in this price range even better than most of mid range phone in some matters  i like this because i wasnt expecting this kind of performance from a 10k phone but it has exceeded my expectations if you are on hunt of buying a budget phone its good to gocamera is good with very good software for processing photos to a decent battery is also good as per daily use  charing speed is brilliant speakers are best feature of this phone so clear so loud  moto s,0.99,Positive
"Motorola g45 5G (Brilliant Blue, 128 GB)  (4 GB RAM)",Connectivity,nfc,hi allmobile is value for money but nfc is not there though it is mentioned available in specifications flipkart should change its nfc specification from yes to no,-0.8641,Negative
"Motorola g45 5G (Brilliant Blue, 128 GB)  (4 GB RAM)",Display,refresh rate,work smoothly 120hz refresh rate super and camera ultimate battery backup also good totally super,0.8999,Positive
"Motorola g45 5G (Brilliant Blue, 128 GB)  (4 GB RAM)",Design,build quality,value for money in this price battery 810camera 710build quality 910performance 710this is the best allrounder phone under 10000,0.765,Positive
"Motorola g45 5G (Brilliant Blue, 128 GB)  (4 GB RAM)",Design,weight,this mobile is best in this price range under 10000if your budget is 10000 then go for it without any hesitationcamera is average in this price range processor is good enough in this price pointdesign is too good mobile is handy and comfortable and lightweightbattery performance is average as other 5000 mah battery mobiles overall good product in this price range go for it,0.9451,Positive
"Motorola g45 5G (Brilliant Blue, 128 GB)  (4 GB RAM)",Performance,processor,this mobile is best in this price range under 10000if your budget is 10000 then go for it without any hesitationcamera is average in this price range processor is good enough in this price pointdesign is too good mobile is handy and comfortable and lightweightbattery performance is average as other 5000 mah battery mobiles overall good product in this price range go for it,0.9451,Positive
"Motorola g45 5G (Brilliant Blue, 128 GB)  (4 GB RAM)",Performance,processor,mobile is good and processor is also very fast but battery drain very fast which disappointed me it last only 5 hrs but is is fully new mobile  but over all it is best budget mobile,0.4947,Positive
"Motorola g45 5G (Brilliant Blue, 128 GB)  (4 GB RAM)",Performance,ram,pros price download speed 100mbps upload 10mbps in jio 5g supportlatest wifi encryptionconspoor ram managementno front flashcall recording overall good in budget for students,0.4404,Positive
"Motorola g45 5G (Brilliant Blue, 128 GB)  (4 GB RAM)",Performance,speed,pros price download speed 100mbps upload 10mbps in jio 5g supportlatest wifi encryptionconspoor ram managementno front flashcall recording overall good in budget for students,0.4404,Positive
"Motorola g45 5G (Brilliant Blue, 128 GB)  (4 GB RAM)",Face Unlock / Fingerprint,speed,pros price download speed 100mbps upload 10mbps in jio 5g supportlatest wifi encryptionconspoor ram managementno front flashcall recording overall good in budget for students,0.4404,Positive
"Motorola g45 5G (Brilliant Blue, 128 GB)  (4 GB RAM)",Design,weight,light weight simply good,0.4404,Positive
"Motorola g45 5G (Brilliant Blue, 128 GB)  (4 GB RAM)",Connectivity,call quality,call quality while speaking is very very terrible,-0.5678,Negative
"Motorola g45 5G (Brilliant Blue, 128 GB)  (4 GB RAM)",Design,weight,this mobile has a great display and everything inside is great motorola mobile is a handsfree mobile very light weight camera is a bit bad that back side leather finish is on another level this budget phone offers so much its super best tq flipkart and motorola,0.9333,Positive
"Motorola g45 5G (Brilliant Blue, 128 GB)  (8 GB RAM)",Performance,ram,outstanding phone in this price segment design is good with a vegan leather finish instead of glass back buttery smooth and lag free available ram is around 32gb out of 734gb which is good for a regular user like me connectivity is awesome with 13 5g bands but the only thing that disappoints is that display which is 720p not 1080p camera is good for outdoor lighting conditions takes decent shots but takes little bit of time in processing the image battery can last upto 2 days in a s,0.8625,Positive
"Motorola g45 5G (Brilliant Blue, 128 GB)  (8 GB RAM)",Display,brightness,the moto g45 is a budgetfriendly phone that offers great value for its price  here are some of its key features and pros and consdesign and displaythe moto g45 has a stylish design with a vegan leather back and a 65inch hd ips lcd display  however the display brightness could be better and its not ideal for outdoor use performancethe phone is powered by a qualcomm snapdragon 6s gen 3 processor and comes with up to 8gb of ram and 128gb of storage  it performs well for everyday tas,0.884,Positive
"Motorola g45 5G (Brilliant Blue, 128 GB)  (8 GB RAM)",Performance,processor,the moto g45 is a budgetfriendly phone that offers great value for its price  here are some of its key features and pros and consdesign and displaythe moto g45 has a stylish design with a vegan leather back and a 65inch hd ips lcd display  however the display brightness could be better and its not ideal for outdoor use performancethe phone is powered by a qualcomm snapdragon 6s gen 3 processor and comes with up to 8gb of ram and 128gb of storage  it performs well for everyday tas,0.884,Positive
"Motorola g45 5G (Brilliant Blue, 128 GB)  (8 GB RAM)",Performance,ram,the moto g45 is a budgetfriendly phone that offers great value for its price  here are some of its key features and pros and consdesign and displaythe moto g45 has a stylish design with a vegan leather back and a 65inch hd ips lcd display  however the display brightness could be better and its not ideal for outdoor use performancethe phone is powered by a qualcomm snapdragon 6s gen 3 processor and comes with up to 8gb of ram and 128gb of storage  it performs well for everyday tas,0.884,Positive
"Motorola g45 5G (Brilliant Blue, 128 GB)  (8 GB RAM)",Software,bloatware,pros  dolby dual speakerscrisp clear sound on earpieces as well decent battery awesome looks audiojack silicon case in box clean ui without any bloatware dual sim  expandable micro sd cons  hd display fhd should have been there,0.8885,Positive
"Motorola g45 5G (Brilliant Blue, 128 GB)  (8 GB RAM)",Connectivity,dual sim,pros  dolby dual speakerscrisp clear sound on earpieces as well decent battery awesome looks audiojack silicon case in box clean ui without any bloatware dual sim  expandable micro sd cons  hd display fhd should have been there,0.8885,Positive
"Motorola g45 5G (Brilliant Blue, 128 GB)  (8 GB RAM)",Performance,processor,1 best budget phone 2 worth for money3 backside vegan leather looks premium4 enough battery standing time5 no fussy preinstalled app like chinese phones6 processor is beyond this price range,0.7506,Positive
"Motorola g45 5G (Brilliant Blue, 128 GB)  (8 GB RAM)",Display,resolution,best for the budget segment balanced performance as expected by moto products screen resolution could have been better as the pixel is visible while zooming the picture also not good for content viewing,0.6902,Positive
"Motorola g45 5G (Brilliant Blue, 128 GB)  (8 GB RAM)",Software,os updates,great product 465camera excellent at this price rangeois could have been betterbattery and design no complain  oled display could have been better hd is decent performance is very strong connectivities are working properly loved the loud speakerssolid security but could have given at least 2 years of os updatesmacro camera could have been raised to standard 8mp or 12mp,0.8968,Positive
"Motorola g45 5G (Brilliant Blue, 128 GB)  (8 GB RAM)",Display,resolution,nice phone 8510 considering the price range that it comes on and 1 year of android update is a major down side and a useless 2 mp macro sensor display resolution should be improved or its brightness nits you can go for it without any hesitation if you are looking for daily usage of phone or daily tasks and can handle simple tasks performance can give you up to 40 fps easily on high end games like bgmi cod apex legendgenshin impact 2030 fps low to medium settingsthe camera qua,0.8524,Positive
"Motorola g45 5G (Brilliant Blue, 128 GB)  (8 GB RAM)",Display,brightness,nice phone 8510 considering the price range that it comes on and 1 year of android update is a major down side and a useless 2 mp macro sensor display resolution should be improved or its brightness nits you can go for it without any hesitation if you are looking for daily usage of phone or daily tasks and can handle simple tasks performance can give you up to 40 fps easily on high end games like bgmi cod apex legendgenshin impact 2030 fps low to medium settingsthe camera qua,0.8524,Positive
"Motorola g45 5G (Brilliant Blue, 128 GB)  (8 GB RAM)",Performance,processor,the processor and camera is so good at the price the only problem is the gallery and file manager moto doesnt have gallery and file manager but you can use google photos and google files,0.1332,Positive
"Motorola g45 5G (Brilliant Blue, 128 GB)  (8 GB RAM)",Performance,speed,dont buy waste of money product 1 no system default application for gallery music file manager 2 no realtime network speed function3 no app lock  app encryption 4 no private safe 5 cant see how much data used today 6 less ringtones 7 heating problem 8 complicated ui design,-0.8616,Negative
"Motorola g45 5G (Brilliant Blue, 128 GB)  (8 GB RAM)",Face Unlock / Fingerprint,speed,dont buy waste of money product 1 no system default application for gallery music file manager 2 no realtime network speed function3 no app lock  app encryption 4 no private safe 5 cant see how much data used today 6 less ringtones 7 heating problem 8 complicated ui design,-0.8616,Negative
"Motorola g45 5G (Brilliant Blue, 128 GB)  (8 GB RAM)",Software,bloatware,for the price of 12000with bank offerthis is a fairly good and functional phonehope it lasts next 5 yearsthe few bloatware that are preinstalled can be easily uninstallcamera performance by default is acceptable,0.765,Positive
"Motorola g45 5G (Brilliant Blue, 128 GB)  (8 GB RAM)",Display,brightness,pros zero bloatware in the mobile i have to even download compass from playstorebattery runs for a day and half if normally used cons camera could have been betterbrightness could have been more for outdoor usage,0.0,Neutral
"Motorola g45 5G (Brilliant Blue, 128 GB)  (8 GB RAM)",Software,bloatware,pros zero bloatware in the mobile i have to even download compass from playstorebattery runs for a day and half if normally used cons camera could have been betterbrightness could have been more for outdoor usage,0.0,Neutral
"Motorola g45 5G (Brilliant Blue, 128 GB)  (8 GB RAM)",Performance,processor,the moto g45 5g is a fantastic entry into the 5g smartphone market without breaking the bank for its price the phone delivers solid performance with its mediatek dimensity processor ensuring smooth multitasking and gaming the 65inch 120hz display is a standout feature offering vibrant colors and smooth scrolling which is rare in this price range the 5000mah battery easily lasts a full day and the 20w fast charging is a nice bonus the camera setup is decent for casual photography t,0.9595,Positive
"Motorola g45 5G (Brilliant Blue, 128 GB)  (8 GB RAM)",Display,refresh rate,performance is like okk display is also okk do not give smooth performance bit heating issue refresh rate is very low satisfactiory but would have been much better,0.5998,Positive
"Motorola g45 5G (Brilliant Blue, 128 GB)  (8 GB RAM)",Design,weight,best phone in g series already have many g31 and bought this onecamera is improved than past phonelow light photos also great light weight speaker is lound and cleardisplay is also goodoverall this phone bit all other phone in this range,0.9081,Positive
"Motorola g45 5G (Brilliant Blue, 128 GB)  (8 GB RAM)",Performance,ram,overall a good buy the response of the phone seems slightly sluggish with the 8 gb ram and snapdragon configuration touch also seems a bit slow doesnt look like a 8gb ram phonethe design and looks are good the camera is also good features are goodoverall a decent phone but could be better,0.7537,Positive
"Motorola g45 5G (Brilliant Blue, 128 GB)  (8 GB RAM)",Battery,battery life,not good phone  bad camera  bad screen  bad battery life time  dont by motorola g45 phone,-0.7619,Negative
"Motorola g45 5G (Pink Lavender, 128 GB)  (8 GB RAM)",Performance,ram,outstanding phone in this price segment design is good with a vegan leather finish instead of glass back buttery smooth and lag free available ram is around 32gb out of 734gb which is good for a regular user like me connectivity is awesome with 13 5g bands but the only thing that disappoints is that display which is 720p not 1080p camera is good for outdoor lighting conditions takes decent shots but takes little bit of time in processing the image battery can last upto 2 days in a s,0.8625,Positive
"Motorola g45 5G (Pink Lavender, 128 GB)  (8 GB RAM)",Display,brightness,the moto g45 is a budgetfriendly phone that offers great value for its price  here are some of its key features and pros and consdesign and displaythe moto g45 has a stylish design with a vegan leather back and a 65inch hd ips lcd display  however the display brightness could be better and its not ideal for outdoor use performancethe phone is powered by a qualcomm snapdragon 6s gen 3 processor and comes with up to 8gb of ram and 128gb of storage  it performs well for everyday tas,0.884,Positive
"Motorola g45 5G (Pink Lavender, 128 GB)  (8 GB RAM)",Performance,processor,the moto g45 is a budgetfriendly phone that offers great value for its price  here are some of its key features and pros and consdesign and displaythe moto g45 has a stylish design with a vegan leather back and a 65inch hd ips lcd display  however the display brightness could be better and its not ideal for outdoor use performancethe phone is powered by a qualcomm snapdragon 6s gen 3 processor and comes with up to 8gb of ram and 128gb of storage  it performs well for everyday tas,0.884,Positive
"Motorola g45 5G (Pink Lavender, 128 GB)  (8 GB RAM)",Performance,ram,the moto g45 is a budgetfriendly phone that offers great value for its price  here are some of its key features and pros and consdesign and displaythe moto g45 has a stylish design with a vegan leather back and a 65inch hd ips lcd display  however the display brightness could be better and its not ideal for outdoor use performancethe phone is powered by a qualcomm snapdragon 6s gen 3 processor and comes with up to 8gb of ram and 128gb of storage  it performs well for everyday tas,0.884,Positive
"Motorola g45 5G (Pink Lavender, 128 GB)  (8 GB RAM)",Performance,ram,outstanding phone in this price segment design is good with a vegan leather finish instead of glass back buttery smooth and lag free available ram is around 32gb out of 734gb which is good for a regular user like me connectivity is awesome with 13 5g bands but the only thing that disappoints is that display which is 720p not 1080p camera is good for outdoor lighting conditions takes decent shots but takes little bit of time in processing the image battery can last upto 2 days in a s,0.8625,Positive
"Motorola g45 5G (Pink Lavender, 128 GB)  (8 GB RAM)",Display,brightness,the moto g45 is a budgetfriendly phone that offers great value for its price  here are some of its key features and pros and consdesign and displaythe moto g45 has a stylish design with a vegan leather back and a 65inch hd ips lcd display  however the display brightness could be better and its not ideal for outdoor use performancethe phone is powered by a qualcomm snapdragon 6s gen 3 processor and comes with up to 8gb of ram and 128gb of storage  it performs well for everyday tas,0.884,Positive
"Motorola g45 5G (Pink Lavender, 128 GB)  (8 GB RAM)",Performance,processor,the moto g45 is a budgetfriendly phone that offers great value for its price  here are some of its key features and pros and consdesign and displaythe moto g45 has a stylish design with a vegan leather back and a 65inch hd ips lcd display  however the display brightness could be better and its not ideal for outdoor use performancethe phone is powered by a qualcomm snapdragon 6s gen 3 processor and comes with up to 8gb of ram and 128gb of storage  it performs well for everyday tas,0.884,Positive
"Motorola g45 5G (Pink Lavender, 128 GB)  (8 GB RAM)",Performance,ram,the moto g45 is a budgetfriendly phone that offers great value for its price  here are some of its key features and pros and consdesign and displaythe moto g45 has a stylish design with a vegan leather back and a 65inch hd ips lcd display  however the display brightness could be better and its not ideal for outdoor use performancethe phone is powered by a qualcomm snapdragon 6s gen 3 processor and comes with up to 8gb of ram and 128gb of storage  it performs well for everyday tas,0.884,Positive
"Motorola g45 5G (Viva Magenta, 128 GB)  (8 GB RAM)",Performance,ram,outstanding phone in this price segment design is good with a vegan leather finish instead of glass back buttery smooth and lag free available ram is around 32gb out of 734gb which is good for a regular user like me connectivity is awesome with 13 5g bands but the only thing that disappoints is that display which is 720p not 1080p camera is good for outdoor lighting conditions takes decent shots but takes little bit of time in processing the image battery can last upto 2 days in a s,0.8625,Positive
"Motorola g45 5G (Viva Magenta, 128 GB)  (8 GB RAM)",Display,brightness,the moto g45 is a budgetfriendly phone that offers great value for its price  here are some of its key features and pros and consdesign and displaythe moto g45 has a stylish design with a vegan leather back and a 65inch hd ips lcd display  however the display brightness could be better and its not ideal for outdoor use performancethe phone is powered by a qualcomm snapdragon 6s gen 3 processor and comes with up to 8gb of ram and 128gb of storage  it performs well for everyday tas,0.884,Positive
"Motorola g45 5G (Viva Magenta, 128 GB)  (8 GB RAM)",Performance,processor,the moto g45 is a budgetfriendly phone that offers great value for its price  here are some of its key features and pros and consdesign and displaythe moto g45 has a stylish design with a vegan leather back and a 65inch hd ips lcd display  however the display brightness could be better and its not ideal for outdoor use performancethe phone is powered by a qualcomm snapdragon 6s gen 3 processor and comes with up to 8gb of ram and 128gb of storage  it performs well for everyday tas,0.884,Positive
"Motorola g45 5G (Viva Magenta, 128 GB)  (8 GB RAM)",Performance,ram,the moto g45 is a budgetfriendly phone that offers great value for its price  here are some of its key features and pros and consdesign and displaythe moto g45 has a stylish design with a vegan leather back and a 65inch hd ips lcd display  however the display brightness could be better and its not ideal for outdoor use performancethe phone is powered by a qualcomm snapdragon 6s gen 3 processor and comes with up to 8gb of ram and 128gb of storage  it performs well for everyday tas,0.884,Positive
"Motorola g45 5G (Viva Magenta, 128 GB)  (8 GB RAM)",Software,bloatware,pros  dolby dual speakerscrisp clear sound on earpieces as well decent battery awesome looks audiojack silicon case in box clean ui without any bloatware dual sim  expandable micro sd cons  hd display fhd should have been there,0.8885,Positive
"Motorola g45 5G (Viva Magenta, 128 GB)  (8 GB RAM)",Connectivity,dual sim,pros  dolby dual speakerscrisp clear sound on earpieces as well decent battery awesome looks audiojack silicon case in box clean ui without any bloatware dual sim  expandable micro sd cons  hd display fhd should have been there,0.8885,Positive
"Motorola g45 5G (Viva Magenta, 128 GB)  (8 GB RAM)",Performance,processor,1 best budget phone 2 worth for money3 backside vegan leather looks premium4 enough battery standing time5 no fussy preinstalled app like chinese phones6 processor is beyond this price range,0.7506,Positive
"Motorola g45 5G (Viva Magenta, 128 GB)  (8 GB RAM)",Display,resolution,best for the budget segment balanced performance as expected by moto products screen resolution could have been better as the pixel is visible while zooming the picture also not good for content viewing,0.6902,Positive
"Motorola g45 5G (Viva Magenta, 128 GB)  (8 GB RAM)",Software,os updates,great product 465camera excellent at this price rangeois could have been betterbattery and design no complain  oled display could have been better hd is decent performance is very strong connectivities are working properly loved the loud speakerssolid security but could have given at least 2 years of os updatesmacro camera could have been raised to standard 8mp or 12mp,0.8968,Positive
"Motorola g45 5G (Viva Magenta, 128 GB)  (8 GB RAM)",Display,resolution,nice phone 8510 considering the price range that it comes on and 1 year of android update is a major down side and a useless 2 mp macro sensor display resolution should be improved or its brightness nits you can go for it without any hesitation if you are looking for daily usage of phone or daily tasks and can handle simple tasks performance can give you up to 40 fps easily on high end games like bgmi cod apex legendgenshin impact 2030 fps low to medium settingsthe camera qua,0.8524,Positive
"Motorola g45 5G (Viva Magenta, 128 GB)  (8 GB RAM)",Display,brightness,nice phone 8510 considering the price range that it comes on and 1 year of android update is a major down side and a useless 2 mp macro sensor display resolution should be improved or its brightness nits you can go for it without any hesitation if you are looking for daily usage of phone or daily tasks and can handle simple tasks performance can give you up to 40 fps easily on high end games like bgmi cod apex legendgenshin impact 2030 fps low to medium settingsthe camera qua,0.8524,Positive
"Motorola g45 5G (Viva Magenta, 128 GB)  (8 GB RAM)",Performance,processor,the processor and camera is so good at the price the only problem is the gallery and file manager moto doesnt have gallery and file manager but you can use google photos and google files,0.1332,Positive
"Motorola g45 5G (Viva Magenta, 128 GB)  (8 GB RAM)",Performance,speed,dont buy waste of money product 1 no system default application for gallery music file manager 2 no realtime network speed function3 no app lock  app encryption 4 no private safe 5 cant see how much data used today 6 less ringtones 7 heating problem 8 complicated ui design,-0.8616,Negative
"Motorola g45 5G (Viva Magenta, 128 GB)  (8 GB RAM)",Face Unlock / Fingerprint,speed,dont buy waste of money product 1 no system default application for gallery music file manager 2 no realtime network speed function3 no app lock  app encryption 4 no private safe 5 cant see how much data used today 6 less ringtones 7 heating problem 8 complicated ui design,-0.8616,Negative
"Motorola g45 5G (Viva Magenta, 128 GB)  (8 GB RAM)",Software,bloatware,for the price of 12000with bank offerthis is a fairly good and functional phonehope it lasts next 5 yearsthe few bloatware that are preinstalled can be easily uninstallcamera performance by default is acceptable,0.765,Positive
"Motorola g45 5G (Viva Magenta, 128 GB)  (8 GB RAM)",Display,brightness,pros zero bloatware in the mobile i have to even download compass from playstorebattery runs for a day and half if normally used cons camera could have been betterbrightness could have been more for outdoor usage,0.0,Neutral
"Motorola g45 5G (Viva Magenta, 128 GB)  (8 GB RAM)",Software,bloatware,pros zero bloatware in the mobile i have to even download compass from playstorebattery runs for a day and half if normally used cons camera could have been betterbrightness could have been more for outdoor usage,0.0,Neutral
"Motorola g45 5G (Viva Magenta, 128 GB)  (8 GB RAM)",Performance,processor,the moto g45 5g is a fantastic entry into the 5g smartphone market without breaking the bank for its price the phone delivers solid performance with its mediatek dimensity processor ensuring smooth multitasking and gaming the 65inch 120hz display is a standout feature offering vibrant colors and smooth scrolling which is rare in this price range the 5000mah battery easily lasts a full day and the 20w fast charging is a nice bonus the camera setup is decent for casual photography t,0.9595,Positive
"Motorola g45 5G (Viva Magenta, 128 GB)  (8 GB RAM)",Display,refresh rate,performance is like okk display is also okk do not give smooth performance bit heating issue refresh rate is very low satisfactiory but would have been much better,0.5998,Positive
"Motorola g45 5G (Viva Magenta, 128 GB)  (8 GB RAM)",Design,weight,best phone in g series already have many g31 and bought this onecamera is improved than past phonelow light photos also great light weight speaker is lound and cleardisplay is also goodoverall this phone bit all other phone in this range,0.9081,Positive
"Motorola g45 5G (Viva Magenta, 128 GB)  (8 GB RAM)",Performance,ram,overall a good buy the response of the phone seems slightly sluggish with the 8 gb ram and snapdragon configuration touch also seems a bit slow doesnt look like a 8gb ram phonethe design and looks are good the camera is also good features are goodoverall a decent phone but could be better,0.7537,Positive
"Motorola g45 5G (Viva Magenta, 128 GB)  (8 GB RAM)",Battery,battery life,not good phone  bad camera  bad screen  bad battery life time  dont by motorola g45 phone,-0.7619,Negative
"Motorola g64 5G (Ice Lilac, 128 GB)  (8 GB RAM)",Display,brightness,im writing this review after two weeks of using the device remember no phone is perfect its always about your requirements and usage preferences 1display  i gave it 55 in display cause the display is so smooth as it has 120hz refresh rate screen quality is also too good dont compare it with amoled cause they are two different type of displays as a ips lcd display it has 560 nits brightness colors and contrast is also perfect so its overall pretty good you can enjoy highquali,0.9651,Positive
"Motorola g64 5G (Ice Lilac, 128 GB)  (8 GB RAM)",Display,refresh rate,im writing this review after two weeks of using the device remember no phone is perfect its always about your requirements and usage preferences 1display  i gave it 55 in display cause the display is so smooth as it has 120hz refresh rate screen quality is also too good dont compare it with amoled cause they are two different type of displays as a ips lcd display it has 560 nits brightness colors and contrast is also perfect so its overall pretty good you can enjoy highquali,0.9651,Positive
"Motorola g64 5G (Ice Lilac, 128 GB)  (8 GB RAM)",Display,size,good phone in this segmentgood design65 is enough size to handle back design is superb6000mah battery  love it processor is not good not bad and camera is ok ok,0.7734,Positive
"Motorola g64 5G (Ice Lilac, 128 GB)  (8 GB RAM)",Performance,processor,good phone in this segmentgood design65 is enough size to handle back design is superb6000mah battery  love it processor is not good not bad and camera is ok ok,0.7734,Positive
"Motorola g64 5G (Ice Lilac, 128 GB)  (8 GB RAM)",Performance,processor,after going through all the commen i was quite concerned about all negative point but after actually use 1 found all comments are nonsense about battery heating camera display and performance all are superb as per price point of viewits quite handyany one can consider thissecondly who are saying that its heating on heavy gaming well almost all phone do heat up at that time earlier i was using poco x3 with very powerful processor sd732g that too heat a bit on gaming but my qu,0.8196,Positive
"Motorola g64 5G (Ice Lilac, 128 GB)  (8 GB RAM)",Performance,speed,honest review after using the phonei am totally satisfied with it 1 battery back up 2 display 3 camera performance 4 overall performance all are okthere are so negetive comments about heating of phone but i havent seen any heating or overheating issues internet speed is awesome while the experience of stock android is also satisfactory camera in this price is awesome  display is also very good previously i used samsung galaxy f62 with super amoled display but i am satisfied too,0.9873,Positive
"Motorola g64 5G (Ice Lilac, 128 GB)  (8 GB RAM)",Face Unlock / Fingerprint,speed,honest review after using the phonei am totally satisfied with it 1 battery back up 2 display 3 camera performance 4 overall performance all are okthere are so negetive comments about heating of phone but i havent seen any heating or overheating issues internet speed is awesome while the experience of stock android is also satisfactory camera in this price is awesome  display is also very good previously i used samsung galaxy f62 with super amoled display but i am satisfied too,0.9873,Positive
"Motorola g64 5G (Ice Lilac, 128 GB)  (8 GB RAM)",Camera,stabilization,camera  45video stabilization  45performance  55sound  45 full sound vibration backbatary 45 ovar all very good value for money,0.707,Positive
"Motorola g64 5G (Ice Lilac, 128 GB)  (8 GB RAM)",Performance,processor,the moto mobile delivers solid performance with a reliable processor and smooth user experience its design is both stylish and functional featuring a durable build and an attractive display the camera captures goodquality images though it may not excel in lowlight conditions compared to highend competitors,0.5423,Positive
"Motorola g64 5G (Ice Lilac, 128 GB)  (8 GB RAM)",Design,build quality,for this price the product is just okay there are heating issues with little to moderate usage no gaming or heavy software at all the battery is claimed to be 6000  mah but the backup is not on par with the claimed numbers charging was okayish with 14 to 80 percent in one hour with speakers use the back side of the phone vibrates a lot implying poor build quality overall around 35 star phone but with the discounts and current pricing maybe 355 packaging was good,-0.1154,Negative
"Motorola g64 5G (Ice Lilac, 128 GB)  (8 GB RAM)",Performance,processor,after one day use feels heating issuedisappointedcamera ok at this rangedesign looks goodgaming experience averagedisplay lcd so slightly  down compared to amoled displayover all give 4star if that heating issue resolvedi think it shows 7020 processor not 7025you feel phone vibration when play audio in full volume,0.5574,Positive
"Motorola g64 5G (Ice Lilac, 128 GB)  (8 GB RAM)",Display,brightness,positive battery is super and charging speed is approx 15 hour from 0 to 100camera is great under 15000 segmentstereo speaker is very clear and loud display is fine not great like amoledbrightness is ok no problem in daylight 5g network is very good supports 5gnegativemobile heats little bit also charging speed decreasesspeakers are loud but back vibration feels at full volume but not much problemsometimes lag like timing shows wrongonly 1 android upgrade worst in this segment,0.8524,Positive
"Motorola g64 5G (Ice Lilac, 128 GB)  (8 GB RAM)",Performance,speed,positive battery is super and charging speed is approx 15 hour from 0 to 100camera is great under 15000 segmentstereo speaker is very clear and loud display is fine not great like amoledbrightness is ok no problem in daylight 5g network is very good supports 5gnegativemobile heats little bit also charging speed decreasesspeakers are loud but back vibration feels at full volume but not much problemsometimes lag like timing shows wrongonly 1 android upgrade worst in this segment,0.8524,Positive
"Motorola g64 5G (Ice Lilac, 128 GB)  (8 GB RAM)",Battery,charging speed,positive battery is super and charging speed is approx 15 hour from 0 to 100camera is great under 15000 segmentstereo speaker is very clear and loud display is fine not great like amoledbrightness is ok no problem in daylight 5g network is very good supports 5gnegativemobile heats little bit also charging speed decreasesspeakers are loud but back vibration feels at full volume but not much problemsometimes lag like timing shows wrongonly 1 android upgrade worst in this segment,0.8524,Positive
"Motorola g64 5G (Ice Lilac, 128 GB)  (8 GB RAM)",Face Unlock / Fingerprint,speed,positive battery is super and charging speed is approx 15 hour from 0 to 100camera is great under 15000 segmentstereo speaker is very clear and loud display is fine not great like amoledbrightness is ok no problem in daylight 5g network is very good supports 5gnegativemobile heats little bit also charging speed decreasesspeakers are loud but back vibration feels at full volume but not much problemsometimes lag like timing shows wrongonly 1 android upgrade worst in this segment,0.8524,Positive
"Motorola g64 5G (Ice Lilac, 128 GB)  (8 GB RAM)",Performance,speed,this phone is best at this pricebut it doesnt have some settings like app lockconnection speedown galleryown messaging app etc etcover all this phone is best and it most interesting features,0.9312,Positive
"Motorola g64 5G (Ice Lilac, 128 GB)  (8 GB RAM)",Face Unlock / Fingerprint,speed,this phone is best at this pricebut it doesnt have some settings like app lockconnection speedown galleryown messaging app etc etcover all this phone is best and it most interesting features,0.9312,Positive
"Motorola g64 5G (Ice Lilac, 128 GB)  (8 GB RAM)",Battery,battery life,if looking for a phone under 18k then look for no other phone 1 the camera quality is awesome the best even better than samsung phones of 18k range 2 the battery life is quite good it can easily last you and entire day3 the network quality is great provides you with seamless 5g network4 the volume and sound is also good,0.9705,Positive
"Motorola g64 5G (Ice Lilac, 128 GB)  (8 GB RAM)",Design,build quality,i have been using it since 2months  performance nd build quality so gud thats y i purchased it again for my family member,0.0,Neutral
"Motorola g64 5G (Ice Lilac, 128 GB)  (8 GB RAM)",Battery,battery life,battery of this phone is worst in its segment without gaming or any heavy uses its battery not lasting even 1 day i turned off 5g network and connected to 4g permanently then also no improvement in its battery liferest all ok,-0.6575,Negative
"Motorola g64 5G (Ice Lilac, 128 GB)  (8 GB RAM)",Design,build quality,using it since last 2 dayshere is my honest opinion camera is below average pictures are grainy colours are over saturated company says it has ois but it doesnt feels anything like oiswithout any heavy use battery drains automaticallyits 6000mah battery doesnt lasts for a daybuild quality not up to the mark on maximum volume the back panel starts vibrating display is just okmajor heating issue while using and chargingcharging is bit slow it takes 15 hours to full charge wi,-0.1318,Negative
"Motorola g64 5G (Ice Lilac, 128 GB)  (8 GB RAM)",Performance,speed,moto is a nice mobile speed process and very good camera also battery pickup its a better to use for in a low budget it has all different features  looking like classi,0.8516,Positive
"Motorola g64 5G (Ice Lilac, 128 GB)  (8 GB RAM)",Face Unlock / Fingerprint,speed,moto is a nice mobile speed process and very good camera also battery pickup its a better to use for in a low budget it has all different features  looking like classi,0.8516,Positive
"Motorola g64 5G (Ice Lilac, 128 GB)  (8 GB RAM)",Performance,processor,finally im using moto 64g 5g after all the comparisons of its competitorssame old os no attractive launch features no categorised launch for applications like communication entertainment media like etc etc used less ranking gpu chipset which score is 71 compared to adreno 619 which scores 91 which makes feel lag during operating in opening some applications instantlymediatek 7025 makes it to get attractive towards this device but same 3  year old snapdragon 6 gen 3 processor have,0.3285,Positive
"Motorola g64 5G (Ice Lilac, 128 GB)  (8 GB RAM)",Performance,processor,after going through all the commen i was quite concerned about all negative point but after actually use 1 found all comments are nonsense about battery heating camera display and performance all are superb as per price point of viewits quite handyany one can consider thissecondly who are saying that its heating on heavy gaming well almost all phone do heat up at that time earlier i was using poco x3 with very powerful processor sd732g that too heat a bit on gaming but my qu,0.8196,Positive
"Motorola g64 5G (Ice Lilac, 128 GB)  (8 GB RAM)",Battery,battery life,phone is amazing its worth the moneythe display camera and battery life are very goodhave been using it for about a month works just fine so go for it,0.7579,Positive
"Motorola g64 5G (Mint Green, 256 GB)  (12 GB RAM)",Battery,battery life,using the phone since 2 weeks previously using samsung s21fepros 1 very good battery life  goes 15 days with approximately 89 hrs sot will go 2 days if your sot is below 4 for me it has been alternating 2 days to 15 days2 audio  audio from headphone jack and usbc both is very good speakers are not so goodlacks bass and is not rich3 clean software  at the start you have bloatwares installed which can be completely uninstalledgood moto features like secure folder and,0.8413,Positive
"Motorola g64 5G (Mint Green, 256 GB)  (12 GB RAM)",Software,bloatware,using the phone since 2 weeks previously using samsung s21fepros 1 very good battery life  goes 15 days with approximately 89 hrs sot will go 2 days if your sot is below 4 for me it has been alternating 2 days to 15 days2 audio  audio from headphone jack and usbc both is very good speakers are not so goodlacks bass and is not rich3 clean software  at the start you have bloatwares installed which can be completely uninstalledgood moto features like secure folder and,0.8413,Positive
"Motorola g64 5G (Mint Green, 256 GB)  (12 GB RAM)",Battery,battery life,i use this phone 3 month plusmay opinion is1camera quality goodbut zoom photo quality bad2 battery life 1 day like 5000mh3display quality very good4 parformence goodno lag,0.0258,Neutral
"Motorola g64 5G (Mint Green, 256 GB)  (12 GB RAM)",Camera,photo quality,i use this phone 3 month plusmay opinion is1camera quality goodbut zoom photo quality bad2 battery life 1 day like 5000mh3display quality very good4 parformence goodno lag,0.0258,Neutral
"Motorola g64 5G (Mint Green, 256 GB)  (12 GB RAM)",Battery,battery capacity,nice phone performance is very good battery capacity is very good,0.8476,Positive
"Motorola g64 5G (Mint Green, 256 GB)  (12 GB RAM)",Design,weight,postive is fast deliverycons are belowbattery drainingmobile getting heat while charging camera quality not goodmobile is more weightwhen you open link browser its opening but not properly showingdisappointed with the most awaited phone,-0.1505,Negative
"Motorola g64 5G (Mint Green, 256 GB)  (12 GB RAM)",Performance,processor,design  awesome looking  design good in hand feel         media tek dimensity 7025 5g processor  good  display  decent sound experience is also good camera quality  superb  smoothly running all apps overall good and value for money phone,0.9761,Positive
"Motorola g64 5G (Mint Green, 256 GB)  (12 GB RAM)",Display,size,pros 1 the battery capacity is 6000 mah and it has excellent power backup for approximately 1014 hours use2 i bought a 12 gb ram model and i have boosted the ram to 24 gb by using ram boost option from settings3 the display is good but not the best4 256 gb storage seems to be like a portable harddisk5 33w turbo charger is somewhat low compared to its battery size charging duration approximately 1 hr for 20 to 1006 there is no heating issue7 i bought it at 16000 i feel,0.6297,Positive
"Motorola g64 5G (Mint Green, 256 GB)  (12 GB RAM)",Performance,ram,pros 1 the battery capacity is 6000 mah and it has excellent power backup for approximately 1014 hours use2 i bought a 12 gb ram model and i have boosted the ram to 24 gb by using ram boost option from settings3 the display is good but not the best4 256 gb storage seems to be like a portable harddisk5 33w turbo charger is somewhat low compared to its battery size charging duration approximately 1 hr for 20 to 1006 there is no heating issue7 i bought it at 16000 i feel,0.6297,Positive
"Motorola g64 5G (Mint Green, 256 GB)  (12 GB RAM)",Battery,battery capacity,pros 1 the battery capacity is 6000 mah and it has excellent power backup for approximately 1014 hours use2 i bought a 12 gb ram model and i have boosted the ram to 24 gb by using ram boost option from settings3 the display is good but not the best4 256 gb storage seems to be like a portable harddisk5 33w turbo charger is somewhat low compared to its battery size charging duration approximately 1 hr for 20 to 1006 there is no heating issue7 i bought it at 16000 i feel,0.6297,Positive
"Motorola g64 5G (Mint Green, 256 GB)  (12 GB RAM)",Battery,battery life,jsing the phone since 2 months previously using samsung s21fepros 1 very good battery life  goes 15 days with approximately 89 hrs sot will go 2 days if your sot is below 4 for me it has been alternating 2 days to 15 days 2 audio  audio from headphone jack and usbc both is very good speakers are not so good lacks bass and is not rich 3 clean software  at the start you have bloatwares installed which can be completely uninstalled good moto features like secure folder and fami,0.7394,Positive
"Motorola g64 5G (Mint Green, 256 GB)  (12 GB RAM)",Software,bloatware,jsing the phone since 2 months previously using samsung s21fepros 1 very good battery life  goes 15 days with approximately 89 hrs sot will go 2 days if your sot is below 4 for me it has been alternating 2 days to 15 days 2 audio  audio from headphone jack and usbc both is very good speakers are not so good lacks bass and is not rich 3 clean software  at the start you have bloatwares installed which can be completely uninstalled good moto features like secure folder and fami,0.7394,Positive
"Motorola g64 5G (Mint Green, 256 GB)  (12 GB RAM)",Camera,video quality,as a longtime motorola user i am writing this review after using this phone for almost a monthproscamera the camera quality is commendable the video quality is also impressive for this price rangeperformance the phone is fast and responsive i have the 12gb version and have never experienced any lagdisplay the display is good although it can be problematic in direct sunlightfast charging the fast charger works efficiently taking the phone from 20 to 85 in just one hour,0.8176,Positive
"Motorola g64 5G (Mint Green, 256 GB)  (12 GB RAM)",Performance,processor,very good product best camera and processor,0.8251,Positive
"Motorola g64 5G (Mint Green, 256 GB)  (12 GB RAM)",Design,weight,heating issue is therecan feel the vibration of speaker on the backon high volume there is a issue audio clarityphone weight is too highthere is a minor bug in this mobilecan t speak for half n hour due to high weight and heating issue,0.0,Neutral
"Motorola g64 5G (Mint Green, 256 GB)  (12 GB RAM)",Performance,speed,overall good performance and design for this price value buy and happy with the productgood experience in side finger print scratch proof glass camera speed battery moto specific gestures ex torch light shake display case fast charging sound quality video quality etc,0.8074,Positive
"Motorola g64 5G (Mint Green, 256 GB)  (12 GB RAM)",Camera,video quality,overall good performance and design for this price value buy and happy with the productgood experience in side finger print scratch proof glass camera speed battery moto specific gestures ex torch light shake display case fast charging sound quality video quality etc,0.8074,Positive
"Motorola g64 5G (Mint Green, 256 GB)  (12 GB RAM)",Face Unlock / Fingerprint,speed,overall good performance and design for this price value buy and happy with the productgood experience in side finger print scratch proof glass camera speed battery moto specific gestures ex torch light shake display case fast charging sound quality video quality etc,0.8074,Positive
"Motorola g64 5G (Mint Green, 256 GB)  (12 GB RAM)",Performance,ram,exellent 12 gb ram with 256 gb rom exactly value for money,0.34,Positive
"Motorola g64 5G (Mint Green, 256 GB)  (12 GB RAM)",Performance,ram,performance not up to mark of  12 gb ram,0.0,Neutral
"Motorola g64 5G (Mint Green, 256 GB)  (12 GB RAM)",Storage,internal storage,battery is goodcamera is oklook is almost goodinternal storage is goodthere is no gallery you have to download from play store or use google services i think this is really bad after using one and half months ive noticed the phone is a bit slow sometimes it opens apps with bit delay and games like free fire or pubg it becomes a bit slownetwork issue is one major problem with this phone some places i cant get internet but my friends with other mobiles with the same servic,0.3415,Positive
"Motorola g64 5G (Mint Green, 256 GB)  (12 GB RAM)",Battery,battery capacity,this phone battery capacity is 6000 mh but charging not not for long only 7 houronly one reason i bought this product that is 6000 mh but not good,-0.4782,Negative
"Motorola g64 5G (Mint Green, 256 GB)  (12 GB RAM)",Design,build quality,this phone is excellentvery smoothly it worksbit heating during chargingdolby atmos sound is excellent with great loud bass sound camera is very excellent both rear and frontdisplay is very good battery running very nice no drainage issue even on heavy usesbuild quality and red berry colour looks very niceside fingerprint working very fast,0.9485,Positive
"Motorola g64 5G (Pearl Blue, 256 GB)  (12 GB RAM)",Battery,battery life,using the phone since 2 weeks previously using samsung s21fepros 1 very good battery life  goes 15 days with approximately 89 hrs sot will go 2 days if your sot is below 4 for me it has been alternating 2 days to 15 days2 audio  audio from headphone jack and usbc both is very good speakers are not so goodlacks bass and is not rich3 clean software  at the start you have bloatwares installed which can be completely uninstalledgood moto features like secure folder and,0.8413,Positive
"Motorola g64 5G (Pearl Blue, 256 GB)  (12 GB RAM)",Software,bloatware,using the phone since 2 weeks previously using samsung s21fepros 1 very good battery life  goes 15 days with approximately 89 hrs sot will go 2 days if your sot is below 4 for me it has been alternating 2 days to 15 days2 audio  audio from headphone jack and usbc both is very good speakers are not so goodlacks bass and is not rich3 clean software  at the start you have bloatwares installed which can be completely uninstalledgood moto features like secure folder and,0.8413,Positive
"Motorola g64 5G (Pearl Blue, 256 GB)  (12 GB RAM)",Battery,battery life,i use this phone 3 month plusmay opinion is1camera quality goodbut zoom photo quality bad2 battery life 1 day like 5000mh3display quality very good4 parformence goodno lag,0.0258,Neutral
"Motorola g64 5G (Pearl Blue, 256 GB)  (12 GB RAM)",Camera,photo quality,i use this phone 3 month plusmay opinion is1camera quality goodbut zoom photo quality bad2 battery life 1 day like 5000mh3display quality very good4 parformence goodno lag,0.0258,Neutral
"Motorola g64 5G (Pearl Blue, 256 GB)  (12 GB RAM)",Battery,battery capacity,nice phone performance is very good battery capacity is very good,0.8476,Positive
"Motorola g64 5G (Pearl Blue, 256 GB)  (12 GB RAM)",Design,weight,postive is fast deliverycons are belowbattery drainingmobile getting heat while charging camera quality not goodmobile is more weightwhen you open link browser its opening but not properly showingdisappointed with the most awaited phone,-0.1505,Negative
"Motorola g64 5G (Pearl Blue, 256 GB)  (12 GB RAM)",Performance,processor,design  awesome looking  design good in hand feel         media tek dimensity 7025 5g processor  good  display  decent sound experience is also good camera quality  superb  smoothly running all apps overall good and value for money phone,0.9761,Positive
"Motorola g64 5G (Pearl Blue, 256 GB)  (12 GB RAM)",Display,size,pros 1 the battery capacity is 6000 mah and it has excellent power backup for approximately 1014 hours use2 i bought a 12 gb ram model and i have boosted the ram to 24 gb by using ram boost option from settings3 the display is good but not the best4 256 gb storage seems to be like a portable harddisk5 33w turbo charger is somewhat low compared to its battery size charging duration approximately 1 hr for 20 to 1006 there is no heating issue7 i bought it at 16000 i feel,0.6297,Positive
"Motorola g64 5G (Pearl Blue, 256 GB)  (12 GB RAM)",Performance,ram,pros 1 the battery capacity is 6000 mah and it has excellent power backup for approximately 1014 hours use2 i bought a 12 gb ram model and i have boosted the ram to 24 gb by using ram boost option from settings3 the display is good but not the best4 256 gb storage seems to be like a portable harddisk5 33w turbo charger is somewhat low compared to its battery size charging duration approximately 1 hr for 20 to 1006 there is no heating issue7 i bought it at 16000 i feel,0.6297,Positive
"Motorola g64 5G (Pearl Blue, 256 GB)  (12 GB RAM)",Battery,battery capacity,pros 1 the battery capacity is 6000 mah and it has excellent power backup for approximately 1014 hours use2 i bought a 12 gb ram model and i have boosted the ram to 24 gb by using ram boost option from settings3 the display is good but not the best4 256 gb storage seems to be like a portable harddisk5 33w turbo charger is somewhat low compared to its battery size charging duration approximately 1 hr for 20 to 1006 there is no heating issue7 i bought it at 16000 i feel,0.6297,Positive
"Motorola g64 5G (Pearl Blue, 256 GB)  (12 GB RAM)",Battery,battery life,jsing the phone since 2 months previously using samsung s21fepros 1 very good battery life  goes 15 days with approximately 89 hrs sot will go 2 days if your sot is below 4 for me it has been alternating 2 days to 15 days 2 audio  audio from headphone jack and usbc both is very good speakers are not so good lacks bass and is not rich 3 clean software  at the start you have bloatwares installed which can be completely uninstalled good moto features like secure folder and fami,0.7394,Positive
"Motorola g64 5G (Pearl Blue, 256 GB)  (12 GB RAM)",Software,bloatware,jsing the phone since 2 months previously using samsung s21fepros 1 very good battery life  goes 15 days with approximately 89 hrs sot will go 2 days if your sot is below 4 for me it has been alternating 2 days to 15 days 2 audio  audio from headphone jack and usbc both is very good speakers are not so good lacks bass and is not rich 3 clean software  at the start you have bloatwares installed which can be completely uninstalled good moto features like secure folder and fami,0.7394,Positive
"Motorola g64 5G (Pearl Blue, 256 GB)  (12 GB RAM)",Camera,video quality,as a longtime motorola user i am writing this review after using this phone for almost a monthproscamera the camera quality is commendable the video quality is also impressive for this price rangeperformance the phone is fast and responsive i have the 12gb version and have never experienced any lagdisplay the display is good although it can be problematic in direct sunlightfast charging the fast charger works efficiently taking the phone from 20 to 85 in just one hour,0.8176,Positive
"Motorola g64 5G (Pearl Blue, 256 GB)  (12 GB RAM)",Performance,processor,very good product best camera and processor,0.8251,Positive
"Motorola g64 5G (Pearl Blue, 256 GB)  (12 GB RAM)",Design,weight,heating issue is therecan feel the vibration of speaker on the backon high volume there is a issue audio clarityphone weight is too highthere is a minor bug in this mobilecan t speak for half n hour due to high weight and heating issue,0.0,Neutral
"Motorola g64 5G (Pearl Blue, 256 GB)  (12 GB RAM)",Performance,speed,overall good performance and design for this price value buy and happy with the productgood experience in side finger print scratch proof glass camera speed battery moto specific gestures ex torch light shake display case fast charging sound quality video quality etc,0.8074,Positive
"Motorola g64 5G (Pearl Blue, 256 GB)  (12 GB RAM)",Camera,video quality,overall good performance and design for this price value buy and happy with the productgood experience in side finger print scratch proof glass camera speed battery moto specific gestures ex torch light shake display case fast charging sound quality video quality etc,0.8074,Positive
"Motorola g64 5G (Pearl Blue, 256 GB)  (12 GB RAM)",Face Unlock / Fingerprint,speed,overall good performance and design for this price value buy and happy with the productgood experience in side finger print scratch proof glass camera speed battery moto specific gestures ex torch light shake display case fast charging sound quality video quality etc,0.8074,Positive
"Motorola g64 5G (Pearl Blue, 256 GB)  (12 GB RAM)",Performance,ram,exellent 12 gb ram with 256 gb rom exactly value for money,0.34,Positive
"Motorola g64 5G (Pearl Blue, 256 GB)  (12 GB RAM)",Performance,ram,performance not up to mark of  12 gb ram,0.0,Neutral
"Motorola g64 5G (Pearl Blue, 256 GB)  (12 GB RAM)",Storage,internal storage,battery is goodcamera is oklook is almost goodinternal storage is goodthere is no gallery you have to download from play store or use google services i think this is really bad after using one and half months ive noticed the phone is a bit slow sometimes it opens apps with bit delay and games like free fire or pubg it becomes a bit slownetwork issue is one major problem with this phone some places i cant get internet but my friends with other mobiles with the same servic,0.3415,Positive
"Motorola g64 5G (Pearl Blue, 256 GB)  (12 GB RAM)",Battery,battery capacity,this phone battery capacity is 6000 mh but charging not not for long only 7 houronly one reason i bought this product that is 6000 mh but not good,-0.4782,Negative
"Motorola g64 5G (Pearl Blue, 256 GB)  (12 GB RAM)",Design,build quality,this phone is excellentvery smoothly it worksbit heating during chargingdolby atmos sound is excellent with great loud bass sound camera is very excellent both rear and frontdisplay is very good battery running very nice no drainage issue even on heavy usesbuild quality and red berry colour looks very niceside fingerprint working very fast,0.9485,Positive
"Motorola G85 5G (Olive Green, 128 GB)  (8 GB RAM)",Battery,battery life,software was a bit buggy fixed after updatelight usage phone keeps up with daytoday tasksbattery lifes been great so far 4dayscamera is actually better than my poco f5performance is as expected love the designalso the blue color has a nice griponly downside in my opinion is it it would be a flat display and the cost is a lot to replace also it can play max 1440p videos with stuttering in 4kgood enough for price thoother than that its a decent phone i gave it to m,0.9201,Positive
"Motorola G85 5G (Olive Green, 128 GB)  (8 GB RAM)",Camera,photo quality,here is my reviewflipkart is charging 59 rs for secured packing but they did worst packaging they send the mobile in small box without bubble wrap or any protection all features of mobile is good battery backup is good but it take 130 hour to complete charge which is quite long but can be accepted photo quality in daytime at natural sunlight is good by choosing 50 mp camera optionindoor camera quality is averagephone look premium curved display is good fingerprint scanner is f,0.9477,Positive
"Motorola G85 5G (Olive Green, 128 GB)  (8 GB RAM)",Battery,battery life,great phone with excellent camera and display quality battery life is average but my only major complaint is the absence of ip68 water and dust resistance otherwise its a topnotch device at this price point,0.1681,Positive
"Motorola G85 5G (Olive Green, 128 GB)  (8 GB RAM)",Performance,speed,the phone is awesome and outstanding but instead i would like to highlight some features that the phone lacks1st there is no inbuilt app lock2nd is there is no feature to show real time network speed or internet speed3rd  feature it lacks is auto switching 5g to 4g and vice versalets see what they do in upcoming updates fingers crossedif you are okay with itthen go ahead,0.6858,Positive
"Motorola G85 5G (Olive Green, 128 GB)  (8 GB RAM)",Face Unlock / Fingerprint,speed,the phone is awesome and outstanding but instead i would like to highlight some features that the phone lacks1st there is no inbuilt app lock2nd is there is no feature to show real time network speed or internet speed3rd  feature it lacks is auto switching 5g to 4g and vice versalets see what they do in upcoming updates fingers crossedif you are okay with itthen go ahead,0.6858,Positive
"Motorola G85 5G (Olive Green, 128 GB)  (8 GB RAM)",Design,weight,aside from flipkarts pathetic delivery that took three days to deliver the phone having a curved screen plus android 14 with dolby atmos support is something you wont find this in any other phone out there very lightweight slim and moto had the good graces to include a 33w charger unlike the cmf phonemoto g85 is currently the best phone in this segment for under 20k if only motorola had included a screen protector it wouldve been a perfect package but alas this doesnt include it,0.5499,Positive
"Motorola G85 5G (Olive Green, 128 GB)  (8 GB RAM)",Accessories,screen protector,aside from flipkarts pathetic delivery that took three days to deliver the phone having a curved screen plus android 14 with dolby atmos support is something you wont find this in any other phone out there very lightweight slim and moto had the good graces to include a 33w charger unlike the cmf phonemoto g85 is currently the best phone in this segment for under 20k if only motorola had included a screen protector it wouldve been a perfect package but alas this doesnt include it,0.5499,Positive
"Motorola G85 5G (Olive Green, 128 GB)  (8 GB RAM)",Software,bloatware,received this phone a week backso far so good didnt get to test the camera extensively yet due to weather conditions not being favourable but as much as i have testedlooks promising ui is clean except for some bloatwares which had to be manually uninstalled but thats fine only thing im missing in this phone is a dedicated gallery and a dialer app instead of the google apps the phone comes with nonetheless solid phone for day to day basic usageps i dont do gaming so the 6s gen3695 is,0.9296,Positive
"Motorola G85 5G (Olive Green, 128 GB)  (8 GB RAM)",Design,weight,very slim and weightless unique design nice moto,0.4215,Positive
"Motorola G85 5G (Olive Green, 128 GB)  (8 GB RAM)",Design,weight,pros camera superbdisplay superb battery goodspeaker goodweight lightweighteddesign superbconslight heating issue during  chargingoverall superb phone under 20000,0.8481,Positive
"Motorola G85 5G (Olive Green, 128 GB)  (8 GB RAM)",Design,weight,overall a very good phone with superb display  you can go for it this phone is very sleek and light weight,0.807,Positive
"Motorola G85 5G (Olive Green, 128 GB)  (8 GB RAM)",Performance,speed,awesome mobile motorola g85 stunning look great performance awesome display and 5g super fast speed overall a good phone in a budget range and also waterproof,0.9709,Positive
"Motorola G85 5G (Olive Green, 128 GB)  (8 GB RAM)",Face Unlock / Fingerprint,speed,awesome mobile motorola g85 stunning look great performance awesome display and 5g super fast speed overall a good phone in a budget range and also waterproof,0.9709,Positive
"Motorola G85 5G (Olive Green, 128 GB)  (8 GB RAM)",Camera,photo quality,super photo quality and performance is good,0.7783,Positive
"Motorola G85 5G (Olive Green, 128 GB)  (8 GB RAM)",Accessories,charger included,great phone at this price range comparing with cmp phone 1 moto g85 is a great choice33w charger includedcamera 3battery 5display 5perfomance 4,0.8481,Positive
"Motorola G85 5G (Olive Green, 128 GB)  (8 GB RAM)",Software,operating system,really its amazing phone on this price i m very happy especially display and operating system and battery backup and camera very wonderful i love this phone and i m using since 7 days phone is altimate,0.9554,Positive
"Motorola G85 5G (Olive Green, 128 GB)  (8 GB RAM)",Performance,processor,moto g85 phone is very good camera is quality is awesome  55display is very good55 design to very osm55battery  performance average54processor also very nice 55overall performance very good thank you,0.9465,Positive
"Motorola G85 5G (Olive Green, 128 GB)  (8 GB RAM)",Design,build quality,really impressive  the best is in this price rangenice build qualitysuperb camerai will use it and then review it again after 1 month,0.8425,Positive
"Motorola G85 5G (Olive Green, 128 GB)  (8 GB RAM)",Performance,processor,camera  good  processor  average,0.4404,Positive
"Motorola G85 5G (Olive Green, 128 GB)  (8 GB RAM)",Performance,processor,processor is ok but not good beacuse this not support 4k and hdr and high gaming camera normal but face some problem like slow motion vedio continue blinking and video and photo click  time seen pixel,-0.6904,Negative
"Motorola G85 5G (Olive Green, 128 GB)  (8 GB RAM)",Design,weight,great phone in this price  awasome feeling in hand so light weight  great moto love it,0.9543,Positive
"Motorola G85 5G (Olive Green, 128 GB)  (8 GB RAM)",Battery,battery life,bought this phone on its 2nd day sale 19th july reviewing this only after 2 days of usepros 1 camera quality is superbboth front and rear cera quality is awesome and it gives a proper colour tone2 battery life is good3 screen quality and display is awesome4 very less number of preinstalled apps so you save lot of space5 phone is smooth and performance is quite good till now6 look of the phone is very slim and stylish with a curved displayareas of improvements,0.924,Positive
"Motorola G85 5G (Olive Green, 128 GB)  (8 GB RAM)",Battery,battery life,im very impressed with the moto g85 5g the performance is smooth for everyday tasks and the battery life is excellent easily lasting a full day the 50mp camera takes great photos and the 5g connectivity is a huge plus the clean android experience is also a big win highly recommended for anyone looking for a budgetfriendly 5g phone,0.9735,Positive
"Motorola G85 5G (Olive Green, 128 GB)  (8 GB RAM)",Battery,battery life,worth for money doesnt have any gallery both camera quality is good the battery life is also good performance can be better a little bit of the heating issue is there at the start otherwise the phone is wonderful design is sexier,0.9231,Positive
"Motorola G85 5G (Olive Green, 128 GB)  (8 GB RAM)",Performance,speed,best camerafast net speedvery good performancebut battery performance bad,0.5574,Positive
"Motorola G85 5G (Olive Green, 128 GB)  (8 GB RAM)",Face Unlock / Fingerprint,speed,best camerafast net speedvery good performancebut battery performance bad,0.5574,Positive
"Motorola G85 5G (Olive Green, 128 GB)  (8 GB RAM)",Design,weight,1battery is draining too fast 2full charge is too late3basic apps like file managergalley also not provided 4except that every thing is amazing5 camera and display is awesome6phone is too lightweight,0.3612,Positive
"Motorola G85 5G (Olive Green, 128 GB)  (8 GB RAM)",Design,weight,i really like this phone what a amazing curved display it have and it is very light weighted phone and the battery is amazing 5000mah and the mobile is very slim so i am curious how they fit this segment battery without making mobile so thicker and weighted,0.9377,Positive
"POCO C61 (Diamond Dust Black, 64 GB)  (4 GB RAM)",Display,refresh rate,display is big with 90hz refresh rate camera quality is ok ok but at this price its acceptable battery is good thoughoverall at this price range its good,0.9161,Positive
"POCO C61 (Diamond Dust Black, 64 GB)  (4 GB RAM)",Performance,speed,please poco request you please booste performance because this phone are lagging phone at this price samsung f04 is best because there performance and app opening and closing speed are far better so please improve other wise all good,0.9673,Positive
"POCO C61 (Diamond Dust Black, 64 GB)  (4 GB RAM)",Face Unlock / Fingerprint,speed,please poco request you please booste performance because this phone are lagging phone at this price samsung f04 is best because there performance and app opening and closing speed are far better so please improve other wise all good,0.9673,Positive
"POCO C61 (Diamond Dust Black, 64 GB)  (4 GB RAM)",Performance,ram,i purchased 3 poco c61 phones the phone is good with decent camera the 4gb ram variant works decently worth for the price no doubt,0.7105,Positive
"POCO C61 (Diamond Dust Black, 64 GB)  (4 GB RAM)",Performance,speed,phone speed,0.0,Neutral
"POCO C61 (Diamond Dust Black, 64 GB)  (4 GB RAM)",Face Unlock / Fingerprint,speed,phone speed,0.0,Neutral
"POCO C61 (Diamond Dust Black, 64 GB)  (4 GB RAM)",Display,size,phone looks good with a bigger display size display is smooth for the price speaker sounds low,0.2023,Positive
"POCO C61 (Diamond Dust Black, 64 GB)  (4 GB RAM)",Performance,processor,all is best in value money only processor is slow,0.765,Positive
"POCO C61 (Diamond Dust Black, 64 GB)  (4 GB RAM)",Performance,ram,not so goodnot there double tap wake up screen torch not on lock screen3 finger screen shotauto off charging function charging indicator protective cover mentioned on flipkart platform but not provided with the orderonly plus point is battery ram and storage with sleek stylish look but basic functions missing,-0.4215,Negative
"POCO C61 (Diamond Dust Black, 64 GB)  (4 GB RAM)",Audio,speaker quality,fabulous product under this price best things1awesome design2big screen3side fingerprint 45000mah battery 5storage464worst thing1picture quality 2loud speaker quality,0.8225,Positive
"POCO C61 (Diamond Dust Black, 64 GB)  (4 GB RAM)",Battery,battery life,good mobile for old age people who only use for call and entertainment  good battery life but slow charging,0.5859,Positive
"POCO C61 (Diamond Dust Black, 64 GB)  (4 GB RAM)",Performance,speed,a mobile suitable for people who require high volume work be it data or otherwise very suitable for rough use good picture clarity and speed superb sound reception and reproduction good fast charging battery and power retention with all these the product looks underpriced lucky buy,0.9371,Positive
"POCO C61 (Diamond Dust Black, 64 GB)  (4 GB RAM)",Face Unlock / Fingerprint,speed,a mobile suitable for people who require high volume work be it data or otherwise very suitable for rough use good picture clarity and speed superb sound reception and reproduction good fast charging battery and power retention with all these the product looks underpriced lucky buy,0.9371,Positive
"POCO C61 (Diamond Dust Black, 64 GB)  (4 GB RAM)",Display,brightness,full charge time 2 hours phone ar brightness kom charging ar time a phone heat hoye jai phone a taratari charge shesh hoye jachhe phone besi dekhleo heat hoye jaiphone hang korche,0.3818,Positive
"POCO C75 5G (Aqua Bliss, 64 GB)  (4 GB RAM)",Display,refresh rate,whether gaming or streaming the display delivers every time the refresh rate is smooth and the colors pop beautifully its acutely great for an lcd display,0.8316,Positive
"POCO C75 5G (Aqua Bliss, 64 GB)  (4 GB RAM)",Accessories,case in the box,good product for this price no back case in the box only 10w charger in the box on time delivery by flipkart,0.1779,Positive
"POCO C75 5G (Aqua Bliss, 64 GB)  (4 GB RAM)",Storage,expandable storage,i love the storage options available with the poco c75 5g it comes with plenty of space for apps media and more and the expandable storage is a nice addition,0.7906,Positive
"POCO C75 5G (Silver Stardust, 64 GB)  (4 GB RAM)",Display,refresh rate,whether gaming or streaming the display delivers every time the refresh rate is smooth and the colors pop beautifully its acutely great for an lcd display,0.8316,Positive
"POCO C75 5G (Silver Stardust, 64 GB)  (4 GB RAM)",Accessories,case in the box,good product for this price no back case in the box only 10w charger in the box on time delivery by flipkart,0.1779,Positive
"POCO C75 5G (Silver Stardust, 64 GB)  (4 GB RAM)",Storage,expandable storage,i love the storage options available with the poco c75 5g it comes with plenty of space for apps media and more and the expandable storage is a nice addition,0.7906,Positive
"POCO C75 5G (Silver Stardust, 64 GB)  (4 GB RAM)",Performance,speed,prosat this price this phone is very greatbattery is gooddisplay is good5g speed goodperformance is goodbgmi no gyro supported40 fps lagsconsonly thing camera which is average well you cant have a flagship camera in this price range so overall its goodin conclusion if your budget is tight you can consider this phone its best for your daily use work but if you are a gamer dont purchase this its not meant for gaming,0.3404,Positive
"POCO C75 5G (Silver Stardust, 64 GB)  (4 GB RAM)",Face Unlock / Fingerprint,speed,prosat this price this phone is very greatbattery is gooddisplay is good5g speed goodperformance is goodbgmi no gyro supported40 fps lagsconsonly thing camera which is average well you cant have a flagship camera in this price range so overall its goodin conclusion if your budget is tight you can consider this phone its best for your daily use work but if you are a gamer dont purchase this its not meant for gaming,0.3404,Positive
"POCO C75 5G (Silver Stardust, 64 GB)  (4 GB RAM)",Performance,speed,camera not okbattery excellent speed also normal some hanging experience faced while opening and closing the apps frequently overall experience was ok for parents and normal usage,-0.2018,Negative
"POCO C75 5G (Silver Stardust, 64 GB)  (4 GB RAM)",Face Unlock / Fingerprint,speed,camera not okbattery excellent speed also normal some hanging experience faced while opening and closing the apps frequently overall experience was ok for parents and normal usage,-0.2018,Negative
"POCO C75 5G (Silver Stardust, 64 GB)  (4 GB RAM)",Display,refresh rate,i love how smooth the screen feels while scrolling the refresh rate makes a noticeable difference in everyday use especially when i play games like temple run,0.8542,Positive
"POCO C75 5G (Silver Stardust, 64 GB)  (4 GB RAM)",Battery,battery life,battery life is easily one of the best features of this phone i never have to charge it in the middle of the day even with heavy use,0.765,Positive
"POCO C75 5G (Silver Stardust, 64 GB)  (4 GB RAM)",Performance,processor,with its fast processor the poco c75 5g offers a flawless performance experience the display is also excellent providing bright and clear visuals for gaming or media,0.91,Positive
"POCO C75 5G (Silver Stardust, 64 GB)  (4 GB RAM)",Display,refresh rate,the high refresh rate on the display makes gaming and scrolling through social media so much smoother,0.0,Neutral
"POCO C75 5G (Silver Stardust, 64 GB)  (4 GB RAM)",Performance,ram,best in class with 5g in small budgetcamera is goodfront camera is average display is good performance is also good feeling primium in handbut i think 4gb ram is not enough,0.8885,Positive
"POCO C75 5G (Silver Stardust, 64 GB)  (4 GB RAM)",Performance,speed,the phone performs like a flagship device with its smooth processing speed it handles gaming and multitasking seamlessly the rear camera captures detailed images that complement the fast performance,0.4404,Positive
"POCO C75 5G (Silver Stardust, 64 GB)  (4 GB RAM)",Face Unlock / Fingerprint,speed,the phone performs like a flagship device with its smooth processing speed it handles gaming and multitasking seamlessly the rear camera captures detailed images that complement the fast performance,0.4404,Positive
"POCO C75 5G (Silver Stardust, 64 GB)  (4 GB RAM)",Connectivity,call quality,the dualcamera setup on back ensures photo comes out great whether its a zoom or wide shot the software optimizations are excellent for a small phone like this 5g call quality is also genuinely very good,0.9371,Positive
"POCO C75 5G (Silver Stardust, 64 GB)  (4 GB RAM)",Display,color accuracy,the color accuracy on this screen is brilliant watching movies is so much better with this vibrant display,0.8854,Positive
"POCO C75 5G (Silver Stardust, 64 GB)  (4 GB RAM)",Face Unlock / Fingerprint,accuracy,the color accuracy on this screen is brilliant watching movies is so much better with this vibrant display,0.8854,Positive
"POCO C75 5G (Silver Stardust, 64 GB)  (4 GB RAM)",Performance,gaming performance,camera average only purpose for payment battery are to good  sound quality awesome display 1080p 60fpsgaming performance normal,0.7906,Positive
"POCO C75 5G (Silver Stardust, 64 GB)  (4 GB RAM)",Battery,battery life,the battery life on the poco c75 5g is amazing it lasts me an entire day of heavy usage and fast charging gets it back up in 2  3 hours,0.5859,Positive
"POCO C75 5G (Silver Stardust, 64 GB)  (4 GB RAM)",Performance,processor,the poco c75 5g performs smoothly with its powerful processor apps open quickly and gaming experience is lagfree the camera quality is also impressive capturing detailed shots effortlessly,0.7269,Positive
"POCO C75 5G (Silver Stardust, 64 GB)  (4 GB RAM)",Performance,processor,with its fast processor this phone breezes through all tasks with ease from browsing to gaming the design is also sleek giving the phone a premium feel in hand,0.7964,Positive
"POCO M6 Plus 5G (Misty Lavender, 128 GB)  (6 GB RAM)",Display,brightness,looks good display brightness is little less rest is good,0.7984,Positive
"POCO M6 Plus 5G (Misty Lavender, 128 GB)  (6 GB RAM)",Design,build quality,best mobile phone in the segment with overall best and optimized 108mp camera with low light photographydecent processorgood ram managementsturdy build qualitybut there are issues like battery draining and heating issues may be resolved by future updates,0.926,Positive
"POCO M6 Plus 5G (Misty Lavender, 128 GB)  (6 GB RAM)",Performance,processor,best mobile phone in the segment with overall best and optimized 108mp camera with low light photographydecent processorgood ram managementsturdy build qualitybut there are issues like battery draining and heating issues may be resolved by future updates,0.926,Positive
"POCO M6 Plus 5G (Misty Lavender, 128 GB)  (6 GB RAM)",Performance,ram,best mobile phone in the segment with overall best and optimized 108mp camera with low light photographydecent processorgood ram managementsturdy build qualitybut there are issues like battery draining and heating issues may be resolved by future updates,0.926,Positive
"POCO M6 Plus 5G (Misty Lavender, 128 GB)  (6 GB RAM)",Performance,processor,the poco m6 plus 5g typically garners favorable reviews for its balance of performance and affordability key strengths often highlighted include its strong 5g connectivity decent performance with a capable processor and good battery life the display quality and build are usually seen as satisfactory for its price range however some reviewers may note that the camera performance and software experience could be improved compared to more expensive models overall its considered a good v,0.9686,Positive
"POCO M6 Plus 5G (Misty Lavender, 128 GB)  (6 GB RAM)",Battery,battery life,the poco m6 plus 5g typically garners favorable reviews for its balance of performance and affordability key strengths often highlighted include its strong 5g connectivity decent performance with a capable processor and good battery life the display quality and build are usually seen as satisfactory for its price range however some reviewers may note that the camera performance and software experience could be improved compared to more expensive models overall its considered a good v,0.9686,Positive
"POCO M6 Plus 5G (Misty Lavender, 128 GB)  (6 GB RAM)",Battery,battery life,the looks are sleek especially the graphite black colour the performance was pretty good for its price range the battery life was unexpectedly long lasting and the fast charging was impressive good camera shoots pics very clearly  amazing sound quality,0.9605,Positive
"POCO M6 Plus 5G (Misty Lavender, 128 GB)  (6 GB RAM)",Battery,battery life,the battery life on this phone is incredible  easily lasts all day the camera takes great photos and the display is smooth and vibrant the price is very fair in terms of the storage as well,0.9311,Positive
"POCO M6 Plus 5G (Misty Lavender, 128 GB)  (6 GB RAM)",Display,brightness,overall good buy of budget phonepros1 budget price2 good performance4 battery life is good3 fast charging cons average camera quality  didnt look like a 108 mp cameradisplay  screen brightness looks low as compared to other phones,0.6358,Positive
"POCO M6 Plus 5G (Misty Lavender, 128 GB)  (6 GB RAM)",Battery,battery life,overall good buy of budget phonepros1 budget price2 good performance4 battery life is good3 fast charging cons average camera quality  didnt look like a 108 mp cameradisplay  screen brightness looks low as compared to other phones,0.6358,Positive
"POCO M6 Plus 5G (Misty Lavender, 128 GB)  (6 GB RAM)",Battery,battery life,i would call this by far the best smartphone i have had under 15k battery life performance uiux and the display at this price simply cant disappoint the camera quality is also good poco has really levelled up their game and i am impressed,0.9092,Positive
"POCO M6 Plus 5G (Misty Lavender, 128 GB)  (6 GB RAM)",Performance,processor,superb mobile poco m6 plus 5g is an impressive budget smartphone that offers great value for money it features a vibrant display smooth performance powered by a capable processor and 5g connectivity making it futureproof for users the camera setup performs well in various conditions capturing decent photos and videos with a large battery it ensures allday usage complemented by fast charging capabilities overall the poco m6 plus 5g is a solid choice for anyone seeking a reliabl,0.9705,Positive
"POCO M6 Plus 5G (Misty Lavender, 128 GB)  (6 GB RAM)",Display,brightness,i brought this mobile at 11k it has good looking big device in this price range you have better performance mobile phone are available but if you want ir blaster 108mp camera big display snapdragon processor 35mm headphones jack hyperos experience 33w charger including the box you definitely but it but the disadvantage is display brightness is very low while using outside indoor is better,0.8106,Positive
"POCO M6 Plus 5G (Misty Lavender, 128 GB)  (6 GB RAM)",Performance,processor,i brought this mobile at 11k it has good looking big device in this price range you have better performance mobile phone are available but if you want ir blaster 108mp camera big display snapdragon processor 35mm headphones jack hyperos experience 33w charger including the box you definitely but it but the disadvantage is display brightness is very low while using outside indoor is better,0.8106,Positive
"POCO M6 Plus 5G (Misty Lavender, 128 GB)  (6 GB RAM)",Camera,video quality,amazing phone value for money battery amazing camera amazing video quality amazing,0.9559,Positive
"POCO M6 Plus 5G (Misty Lavender, 128 GB)  (6 GB RAM)",Display,brightness,very good mobile but brightness low from other mobile,0.4304,Positive
"POCO M6 Plus 5G (Misty Lavender, 128 GB)  (6 GB RAM)",Software,bloatware,lots of bloatware irritated after using some day,-0.4588,Negative
"realme C61 (Marble Black, 64 GB)  (4 GB RAM)",Performance,speed,this is the best phone for value for money just an awesome product from realme and performance is just excellent full of speed proceduremust buy product in this category,0.9371,Positive
"realme C61 (Marble Black, 64 GB)  (4 GB RAM)",Face Unlock / Fingerprint,speed,this is the best phone for value for money just an awesome product from realme and performance is just excellent full of speed proceduremust buy product in this category,0.9371,Positive
"realme C61 (Marble Black, 64 GB)  (4 GB RAM)",Design,weight,pros1 nice design and display 2 light weight and slim 3 good camera cons1 there is no option for data speed display in status bar2 split screen option is absent3 not connect to pc for data transfer,0.5423,Positive
"realme C61 (Marble Black, 64 GB)  (4 GB RAM)",Performance,speed,pros1 nice design and display 2 light weight and slim 3 good camera cons1 there is no option for data speed display in status bar2 split screen option is absent3 not connect to pc for data transfer,0.5423,Positive
"realme C61 (Marble Black, 64 GB)  (4 GB RAM)",Face Unlock / Fingerprint,speed,pros1 nice design and display 2 light weight and slim 3 good camera cons1 there is no option for data speed display in status bar2 split screen option is absent3 not connect to pc for data transfer,0.5423,Positive
"realme C61 (Marble Black, 64 GB)  (4 GB RAM)",Performance,ram,its ram is not working properly,0.0,Neutral
"realme P2 Pro 5G (Parrot Green, 128 GB)  (8 GB RAM)",Performance,speed,the performance was good  charging speed is excellent the camera is not great  getting a little warm while doing over performance  overall a good package in this segment,0.7791,Positive
"realme P2 Pro 5G (Parrot Green, 128 GB)  (8 GB RAM)",Battery,charging speed,the performance was good  charging speed is excellent the camera is not great  getting a little warm while doing over performance  overall a good package in this segment,0.7791,Positive
"realme P2 Pro 5G (Parrot Green, 128 GB)  (8 GB RAM)",Face Unlock / Fingerprint,speed,the performance was good  charging speed is excellent the camera is not great  getting a little warm while doing over performance  overall a good package in this segment,0.7791,Positive
"realme P2 Pro 5G (Parrot Green, 128 GB)  (8 GB RAM)",Display,brightness,look here i will give you honest review pros display is awesome at this price range with curved and smooth display  i like curved display more than than flat brightness is also good battery is awesome for normal use and good for gaming  charging speed also best 0100 in just 5055 minutes  ai camera feature is too good camera is also good but not that much  performance is also good bcz it has snapdragon processor which gives long lasting performance after years consbac,0.964,Positive
"realme P2 Pro 5G (Parrot Green, 128 GB)  (8 GB RAM)",Performance,processor,look here i will give you honest review pros display is awesome at this price range with curved and smooth display  i like curved display more than than flat brightness is also good battery is awesome for normal use and good for gaming  charging speed also best 0100 in just 5055 minutes  ai camera feature is too good camera is also good but not that much  performance is also good bcz it has snapdragon processor which gives long lasting performance after years consbac,0.964,Positive
"realme P2 Pro 5G (Parrot Green, 128 GB)  (8 GB RAM)",Performance,speed,look here i will give you honest review pros display is awesome at this price range with curved and smooth display  i like curved display more than than flat brightness is also good battery is awesome for normal use and good for gaming  charging speed also best 0100 in just 5055 minutes  ai camera feature is too good camera is also good but not that much  performance is also good bcz it has snapdragon processor which gives long lasting performance after years consbac,0.964,Positive
"realme P2 Pro 5G (Parrot Green, 128 GB)  (8 GB RAM)",Battery,charging speed,look here i will give you honest review pros display is awesome at this price range with curved and smooth display  i like curved display more than than flat brightness is also good battery is awesome for normal use and good for gaming  charging speed also best 0100 in just 5055 minutes  ai camera feature is too good camera is also good but not that much  performance is also good bcz it has snapdragon processor which gives long lasting performance after years consbac,0.964,Positive
"realme P2 Pro 5G (Parrot Green, 128 GB)  (8 GB RAM)",Face Unlock / Fingerprint,speed,look here i will give you honest review pros display is awesome at this price range with curved and smooth display  i like curved display more than than flat brightness is also good battery is awesome for normal use and good for gaming  charging speed also best 0100 in just 5055 minutes  ai camera feature is too good camera is also good but not that much  performance is also good bcz it has snapdragon processor which gives long lasting performance after years consbac,0.964,Positive
"realme P2 Pro 5G (Parrot Green, 128 GB)  (8 GB RAM)",Battery,battery life,i am writing this review after 1 month of usage pros 1 display is good 2 80w fast charging 3 120 hz  can unlock 120 fps in bgmi  vai adb command cons 1 battery life is not good after update  it can be fixed vai ota update 2 while using device 80w charging not working can be fixed by ota update,0.1265,Positive
"realme P2 Pro 5G (Parrot Green, 128 GB)  (8 GB RAM)",Performance,processor,nice camera phone  processor super  gaming experience awesome  value for money,0.9217,Positive
"realme P2 Pro 5G (Parrot Green, 128 GB)  (8 GB RAM)",Design,weight,very nice phone in this range battry is goodscreen is osumcamera is bestno problem at all very smooth must go for this light weight phone good realme full charge in 35 to 40 min performance is best  full of features,0.8173,Positive
"realme P3x 5G (Lunar Silver, 128 GB)  (6 GB RAM)",Design,weight,good looking outstanding performance good battery backup amazing camera light weight nice,0.9468,Positive
"realme P3x 5G (Lunar Silver, 128 GB)  (6 GB RAM)",Design,build quality,budget phoneperformance is like a medium rangebuild quality goodlike itstar all over rating,0.3612,Positive
"realme P3x 5G (Lunar Silver, 128 GB)  (6 GB RAM)",Performance,processor,pros excellent designexcellent battery life and with 45w fast charger it works amezing good display at this price point and punch hole cutout looks greatspeaker is loud enough with clearity and above average bass5g connectivity is goodinbuilt features are excellent camera is averageprocessor is good for non gaming stuffoverall a smooth performance cons1 this phone is best for studies watching moviesvideos official work etc processor is strong enough for normal gaming but,0.8847,Positive
"realme P3x 5G (Lunar Silver, 128 GB)  (6 GB RAM)",Battery,battery life,pros excellent designexcellent battery life and with 45w fast charger it works amezing good display at this price point and punch hole cutout looks greatspeaker is loud enough with clearity and above average bass5g connectivity is goodinbuilt features are excellent camera is averageprocessor is good for non gaming stuffoverall a smooth performance cons1 this phone is best for studies watching moviesvideos official work etc processor is strong enough for normal gaming but,0.8847,Positive
"realme P3x 5G (Lunar Silver, 128 GB)  (6 GB RAM)",Battery,battery life,general reviewsthis phone has exceeded all my expectations the display is stunning the sound quality is topnotch and the design is sleek and premiumbattery life reviewsthe battery life on this phone is incredible i can easily get a full days use out of it even with heavy usagecamera reviewsthe camera app is intuitive and easy to use with plenty of features and modes to experiment with the image quality is consistently good,0.8768,Positive
"realme P3x 5G (Lunar Silver, 128 GB)  (6 GB RAM)",Battery,battery life,the camera quality exceeded my expectations the pictures are sharp and clear even in low light the battery life is incredible lasting more than a day easily the midnight blue variant looks stunning and the phone feels premium for its price the performance is great and it runs smoothly definitely one of the best budgetfriendly phones out there,0.9477,Positive
"realme P3x 5G (Lunar Silver, 128 GB)  (6 GB RAM)",Battery,battery life,perfect for travelers and outdoor users i travel a lot so battery life and durability were my main concerns this phone delivered on both the 6000mah battery keeps going and even after long hours of navigation photography and music streaming,0.5719,Positive
"realme P3 5G (Space Silver, 128 GB)  (6 GB RAM)",Connectivity,call quality,great product according to price range slightly overpriced best high quality amoled display in the price rangesound is enough loud when 100 boost call quality is clear and crispyimmersive multimedia experience enough smart features given and ai features givenscreen on time is around 810 hoursaod is only for 10sphone gets slightly warm if multitaskedsim ejecting port and mic is confusing for first time user please refer user mannualcamera is not that much good but overall p,0.808,Positive
"realme P3 5G (Space Silver, 128 GB)  (6 GB RAM)",Design,aesthetics,the phone is fantastic for this price range the performance is fabulous but i would like to point out that the camera falls on the average side although this phone is primarily designed for performance and aesthetics the inhand feel is pleasant and the design is cool giving off gaming vibes to summarize i would say that this phone is definitely a killer at this price range and you can go for ithowever one drawback i noticed is the audio performance when the volume is set to 50,0.9109,Positive
"realme P3 5G (Space Silver, 128 GB)  (6 GB RAM)",Battery,battery life,ive been using the realme p3 for just 23 days now and im already loving it the display is crisp and vibrant the battery life is impressive and the camera takes great photosthe phones design is also sleek and premium making it a joy to hold and use however im disappointed to find that there are hardly any phone case options available for this model ive been searching online but couldnt find a single case that fits perfectlydespite this im still enjoying the phone immens,0.9231,Positive
"realme P3 5G (Space Silver, 128 GB)  (6 GB RAM)",Battery,battery life,buy it if you want a budget gaming phone with great battery life a smooth display and waterproof durability skip it if you prioritize camera performance or stereo sound,0.6597,Positive
"realme P3 5G (Space Silver, 128 GB)  (6 GB RAM)",Battery,battery life,its really very nice i didnt even see the same segment before very good battery life camera display and all features,0.7625,Positive
"realme P3 5G (Space Silver, 128 GB)  (6 GB RAM)",Performance,processor,i have been using this device for a few weeks now and i must say that the performance is impressive the snapdragon 6 gen 4 processor handles gaming and daily tasks with ease 90 fps support in bgmi makes gameplay feel incredibly smooth,0.8176,Positive
"realme P3 5G (Space Silver, 128 GB)  (6 GB RAM)",Design,weight,i like this phone performance and camera design weight balance 2 it handles lights very efficiently 3 dynamic island feature4 circle to search 5 ip69not tested6 75 fps in classic erangal match,0.8104,Positive
"realme P3 5G (Space Silver, 128 GB)  (6 GB RAM)",Performance,processor,best in the budget but only cons camera is average and you need to clean phone by deleting bloatware but looks battery display and processor is very good to price range,0.887,Positive
"realme P3 5G (Space Silver, 128 GB)  (6 GB RAM)",Software,bloatware,best in the budget but only cons camera is average and you need to clean phone by deleting bloatware but looks battery display and processor is very good to price range,0.887,Positive
"realme P3 5G (Space Silver, 128 GB)  (6 GB RAM)",Performance,processor,display quality is decent and not affecting on eyes performance is also too good and processor is excellent and the stereo speaker is average but good in this price very excellent phone in this price range value for money device,0.9497,Positive
"realme P3 5G (Space Silver, 128 GB)  (6 GB RAM)",Software,operating system,im disappointed with the performance of this device particularly with regards to its responsiveness despite boasting a high antutu score the phone struggles with lag when switching between apps quickly this disconnect between benchmarks and realworld performance is concerningfurthermore the abundance of inapp advertisements severely hampers the user experience a lighter more fluid operating system is essential for seamless navigationwhile the camera and other features are ok,-0.8316,Negative
"REDMI 13 5G (Hawaiian Blue, 128 GB)  (6 GB RAM)",Design,build quality,this price range awesome product camera quality build quality is awesome,0.8481,Positive
"REDMI 13 5G (Hawaiian Blue, 128 GB)  (6 GB RAM)",Display,resolution,nice good  hitsthe resolution is goodno heating issues with the batterybattery life is goodcharge time is good,0.8225,Positive
"REDMI 13 5G (Hawaiian Blue, 128 GB)  (6 GB RAM)",Battery,battery life,nice good  hitsthe resolution is goodno heating issues with the batterybattery life is goodcharge time is good,0.8225,Positive
"REDMI 13 5G (Hawaiian Blue, 128 GB)  (6 GB RAM)",Performance,processor,the redmi 13 5g offers impressive features for its price point making it a strong contender in the budget smartphone market it boasts a sleek design a vibrant 679inch display and decent performance powered by its snapdragon processor the camera setup is solid for everyday photography delivering good results in welllit conditions battery life is exceptional easily lasting a full day with regular use however the software experience could be more polished with some preinstalled ap,0.9493,Positive
"REDMI 13 5G (Hawaiian Blue, 128 GB)  (6 GB RAM)",Battery,battery life,the redmi 13 5g offers impressive features for its price point making it a strong contender in the budget smartphone market it boasts a sleek design a vibrant 679inch display and decent performance powered by its snapdragon processor the camera setup is solid for everyday photography delivering good results in welllit conditions battery life is exceptional easily lasting a full day with regular use however the software experience could be more polished with some preinstalled ap,0.9493,Positive
"REDMI 13 5G (Hawaiian Blue, 128 GB)  (6 GB RAM)",Performance,speed,good mobile camera ok better 33w charge very speedy,0.7906,Positive
"REDMI 13 5G (Hawaiian Blue, 128 GB)  (6 GB RAM)",Face Unlock / Fingerprint,speed,good mobile camera ok better 33w charge very speedy,0.7906,Positive
"REDMI 13 5G (Hawaiian Blue, 128 GB)  (6 GB RAM)",Design,weight,light weighteasy to usesatisfied with the price range,0.0,Neutral
"REDMI 13 5G (Hawaiian Blue, 128 GB)  (6 GB RAM)",Performance,processor,this phone comes with a decent features such as good camera  display  storage capacity processor and ram however the only problem i noticed that its battery is draining very fast while i was using the phone anyway this phone is value for money product at this price range,0.3818,Positive
"REDMI 13 5G (Hawaiian Blue, 128 GB)  (6 GB RAM)",Performance,ram,this phone comes with a decent features such as good camera  display  storage capacity processor and ram however the only problem i noticed that its battery is draining very fast while i was using the phone anyway this phone is value for money product at this price range,0.3818,Positive
"REDMI 13 5G (Hawaiian Blue, 128 GB)  (6 GB RAM)",Design,weight,performance is good also camera is thik thak weight is bhari,0.4404,Positive
"REDMI 13 5G (Hawaiian Blue, 128 GB)  (6 GB RAM)",Battery,battery life,hang some time battery life is ok not good camera is ok not gooddesign good samsung phone is good choice in this range,0.3586,Positive
"REDMI A3X (Starry White, 64 GB)  (3 GB RAM)",Performance,speed,low speed,-0.2732,Negative
"REDMI A3X (Starry White, 64 GB)  (3 GB RAM)",Face Unlock / Fingerprint,speed,low speed,-0.2732,Negative
"SAMSUNG Galaxy F05 (Twilight Blue, 64 GB)  (4 GB RAM)",Connectivity,call quality,back camera 810front camera 710battery  8510display  910design   810call quality 810performance 810best mobile under 6500 inr from samsung,0.0,Neutral
"SAMSUNG Galaxy F05 (Twilight Blue, 64 GB)  (4 GB RAM)",Performance,ram,overall good in terms of price range but actual ram isnt 4 gb,0.2382,Positive
"SAMSUNG Galaxy F05 (Twilight Blue, 64 GB)  (4 GB RAM)",Battery,battery life,at this budget range its a good product you can just go for it definitely value for money for home purpose very good display and battery life,0.8805,Positive
"SAMSUNG Galaxy F05 (Twilight Blue, 64 GB)  (4 GB RAM)",Battery,battery life,nice product in this range  camera good  battery life also good good for 4g users,0.8885,Positive
"SAMSUNG Galaxy F05 (Twilight Blue, 64 GB)  (4 GB RAM)",Display,size,best phone under 6k super super super display size super,0.9674,Positive
"SAMSUNG M05 (Mint Green, 64 GB)  (4 GB RAM)",Performance,ram,awesome product cheapest rate in 4gb ram,0.6249,Positive
"vivo T3 Pro 5G (Sandstone Orange, 128 GB)  (8 GB RAM)",Camera,portrait mode,perfect phone under the budget of 25k display camera look everything is awesome the battery backup is really really great ai eraser in the photo editing section  its working very wellmy rating is  45 out of 5the only thing i noticed was that need to improve the portrait mode in the camera section,0.9466,Positive
"vivo T3 Pro 5G (Sandstone Orange, 128 GB)  (8 GB RAM)",Performance,ram,allrounder mobile from vivobattery performanceselfie cameramain camera design n look just awesome  flash chargethank you flipkart,0.6249,Positive
"vivo T3 Pro 5G (Sandstone Orange, 128 GB)  (8 GB RAM)",Performance,speed,battery backup is good charging speed is fast good divice,0.7003,Positive
"vivo T3 Pro 5G (Sandstone Orange, 128 GB)  (8 GB RAM)",Battery,charging speed,battery backup is good charging speed is fast good divice,0.7003,Positive
"vivo T3 Pro 5G (Sandstone Orange, 128 GB)  (8 GB RAM)",Face Unlock / Fingerprint,speed,battery backup is good charging speed is fast good divice,0.7003,Positive
"vivo T3 Pro 5G (Sandstone Orange, 128 GB)  (8 GB RAM)",Design,weight,its a very light weight and slim phone with 5500 mah battery awesome design display is very brightcamera  is good in the price rangecharging speed is also superb and battery performance is awesome lasts easily a day,0.9575,Positive
"vivo T3 Pro 5G (Sandstone Orange, 128 GB)  (8 GB RAM)",Performance,speed,its a very light weight and slim phone with 5500 mah battery awesome design display is very brightcamera  is good in the price rangecharging speed is also superb and battery performance is awesome lasts easily a day,0.9575,Positive
"vivo T3 Pro 5G (Sandstone Orange, 128 GB)  (8 GB RAM)",Battery,charging speed,its a very light weight and slim phone with 5500 mah battery awesome design display is very brightcamera  is good in the price rangecharging speed is also superb and battery performance is awesome lasts easily a day,0.9575,Positive
"vivo T3 Pro 5G (Sandstone Orange, 128 GB)  (8 GB RAM)",Face Unlock / Fingerprint,speed,its a very light weight and slim phone with 5500 mah battery awesome design display is very brightcamera  is good in the price rangecharging speed is also superb and battery performance is awesome lasts easily a day,0.9575,Positive
"vivo T3 Pro 5G (Sandstone Orange, 128 GB)  (8 GB RAM)",Performance,processor,best phone in this segment for a reason epic display with a consistent camera and monster processor to handle all the process smoothly,0.6369,Positive
"vivo T3 Pro 5G (Sandstone Orange, 128 GB)  (8 GB RAM)",Design,weight,i am writing review after using 4 days pros1 design is awesome feel very light weight and very sleek design feel very comfortable and have  perfect grip2 camera is perfect you can capture perfect picture in this price range3 network connection is perfect having no any issue related network4 display  its ok needs some more colour detailing in this price range but overall perfectthere is no much more use of peak brightness its all are advertising propoganda5 heating,0.9161,Positive
"vivo T3 Pro 5G (Sandstone Orange, 128 GB)  (8 GB RAM)",Display,brightness,i am writing review after using 4 days pros1 design is awesome feel very light weight and very sleek design feel very comfortable and have  perfect grip2 camera is perfect you can capture perfect picture in this price range3 network connection is perfect having no any issue related network4 display  its ok needs some more colour detailing in this price range but overall perfectthere is no much more use of peak brightness its all are advertising propoganda5 heating,0.9161,Positive
"vivo T3 Pro 5G (Sandstone Orange, 128 GB)  (8 GB RAM)",Battery,battery life,very good performance all rounder mobilebut this is not a perfect gaming mobile if you want perfect gaming mobile then itis not for you but you can do casual gaming but very good phone for those who wants good design good camera good battery life battery life is very good and charging is very fast battery life is very good you can get here auto call recorder option without announcement music audio is very good but vivo should give atleast ufs 31 and should use gorilla glass protec,0.9877,Positive
"vivo T3 Pro 5G (Sandstone Orange, 128 GB)  (8 GB RAM)",Display,size,after 15 days of use i am reviewing this phone following are my observations1 camera very good2 battery great lasts more then 2 days3 display very good4 design good camera size slight high5 performance good slight leg on unlocking through fingeroverall a very good phone at this price,0.924,Positive
"vivo T3 Pro 5G (Sandstone Orange, 128 GB)  (8 GB RAM)",Battery,battery life,loved my product fast great screen long battery life and affordable camera quality could be enhanced great value overall,0.9382,Positive
"vivo T3 Pro 5G (Sandstone Orange, 128 GB)  (8 GB RAM)",Connectivity,nfc,i expected a lot from cameras colors come out nice but lacks detail in each and every image front camera is simply heartbreaking how can a 25k phone take such low quality selfies which lack detail is beyond me vivo is know for camera and we made a big mistake by going with brand nameperforms as promised battery is excellent and display is excellent im okay with the sound as well if not impressed should have given nfc and ir blaster they are very useful for usphone doesnt hea,0.3733,Positive
"vivo T3 Pro 5G (Sandstone Orange, 128 GB)  (8 GB RAM)",Design,weight,i using this mobile as a normal user not heavy user  battery is big power backup once charge upto 2days lasts and camera is superb display also good  design is very slim and light weight and performance also very good  overall vivo t3 pro is a excellent,0.9312,Positive
"vivo T3 Pro 5G (Sandstone Orange, 128 GB)  (8 GB RAM)",Performance,speed,very good phone  great design best battery  great performanceno idea regarding gamingmain camera take 5 pic front camera take 4 piccharging  great speed,0.9681,Positive
"vivo T3 Pro 5G (Sandstone Orange, 128 GB)  (8 GB RAM)",Face Unlock / Fingerprint,speed,very good phone  great design best battery  great performanceno idea regarding gamingmain camera take 5 pic front camera take 4 piccharging  great speed,0.9681,Positive
"vivo T3 Pro 5G (Sandstone Orange, 128 GB)  (8 GB RAM)",Audio,speaker quality,the phone is good it feels so light the screen is good too the front camera could be improved a little but still does the job overall i have no complaints from this phone there are just some little bugs which i hope would be fixed in future by vivo gaming is awesome in this phone so far i have seen no hang or such thing battery backup is awesome you could easily play games whole day and it doesnt take much time for charge too the speaker quality could be improved 810 gamers you ca,0.9856,Positive
"vivo T3 Pro 5G (Sandstone Orange, 128 GB)  (8 GB RAM)",Performance,speed,my primary preference of a mobile phone was better displaybetter battery backup and charging speed  in all formats the phone stands superb  the camera quality is top notch,0.8316,Positive
"vivo T3 Pro 5G (Sandstone Orange, 128 GB)  (8 GB RAM)",Battery,charging speed,my primary preference of a mobile phone was better displaybetter battery backup and charging speed  in all formats the phone stands superb  the camera quality is top notch,0.8316,Positive
"vivo T3 Pro 5G (Sandstone Orange, 128 GB)  (8 GB RAM)",Face Unlock / Fingerprint,speed,my primary preference of a mobile phone was better displaybetter battery backup and charging speed  in all formats the phone stands superb  the camera quality is top notch,0.8316,Positive
"vivo T3 Pro 5G (Sandstone Orange, 128 GB)  (8 GB RAM)",Performance,gaming performance,camera quality is good gaming performance is also good and the design of this phone is too good,0.8271,Positive
"vivo T3 Pro 5G (Sandstone Orange, 128 GB)  (8 GB RAM)",Connectivity,nfc,ok go with a good at this price range 25k but you will buy with offers only in between 2123k with any offers not value of money because some features there no in this mobile like nfc gorilla glass with storage side,-0.6812,Negative
"vivo T3 Pro 5G (Sandstone Orange, 128 GB)  (8 GB RAM)",Performance,processor,camera  45battery  55display  55processor  55charging  0 to 100  38 mint,0.0,Neutral
"vivo T3 Pro 5G (Sandstone Orange, 128 GB)  (8 GB RAM)",Display,size,overall the phone is good but the camera size and camera design can be improved,0.7269,Positive
"vivo T3 Pro 5G (Sandstone Orange, 128 GB)  (8 GB RAM)",Display,brightness,blindly go for it really worth i used it for five days and im still very impressed camera is good screen brightness is too good even in sunlight battery also good charged 30 minutes it reaches 100 from 30  over all worth value for money mind blowing product i wrote this review after using 5 days,0.9558,Positive
"vivo T3 Pro 5G (Sandstone Orange, 128 GB)  (8 GB RAM)",Performance,speed,apart from the camera everything about this phone is good the design speed and the performance is excellent at this price range,0.765,Positive
"vivo T3 Pro 5G (Sandstone Orange, 128 GB)  (8 GB RAM)",Face Unlock / Fingerprint,speed,apart from the camera everything about this phone is good the design speed and the performance is excellent at this price range,0.765,Positive
"vivo T3 Pro 5G (Sandstone Orange, 128 GB)  (8 GB RAM)",Display,brightness,after 2 weeks of usage i buy it  8gb rom 128gb ram emerald green1camera  back 5star and front 39 star why because the front camera not fit for indian people skin may be it change through update2display  45 star why because if i use auto brightness mode it suddenly decrease3performance  47 star why na i noted 2 times hang 4battery  5 star reason it very fast charge and not drain fastly     i am one of the vivo brand family because i used vivo z1 pro without any pr,0.1255,Positive
"vivo T3 Pro 5G (Sandstone Orange, 128 GB)  (8 GB RAM)",Performance,ram,after 2 weeks of usage i buy it  8gb rom 128gb ram emerald green1camera  back 5star and front 39 star why because the front camera not fit for indian people skin may be it change through update2display  45 star why because if i use auto brightness mode it suddenly decrease3performance  47 star why na i noted 2 times hang 4battery  5 star reason it very fast charge and not drain fastly     i am one of the vivo brand family because i used vivo z1 pro without any pr,0.1255,Positive
"vivo T3 Pro 5G (Sandstone Orange, 128 GB)  (8 GB RAM)",Display,refresh rate,camera quality is awesome also the performance of the phone is super refresh rate and battery performance is also good no lagging while playing games need 1 hour to fully charged the mobile overall this is a superb phone in this price range,0.9479,Positive
"vivo T3 Pro 5G (Sandstone Orange, 128 GB)  (8 GB RAM)",Camera,photo quality,review after 2 months of usagethe product delivered is good   sound quality i personally didnt liked the sound quality when in call with speaker on the front speaker sound starts cracking at 80 volume gives a feel of cheapest quality speakers camera the camera quality is impressive it captures excellent and detailed photos especially at night i compared it with the google pixel 8 and oneplus 12r the only area for improvement is the camera features and the photo quality in da,0.8902,Positive
"vivo T3 Pro 5G (Sandstone Orange, 128 GB)  (8 GB RAM)",Camera,portrait mode,portrait mode is awesome fast charging but display isnt scratch proof device is ok but price should be in range of 18  20k,0.6542,Positive
"vivo T3 Pro 5G (Sandstone Orange, 128 GB)  (8 GB RAM)",Performance,speed,battery is super    55front camera is good   45back camera portrait mode us osm  55performances is osm  55charging speed is osm    55finally we ignoreing front camera than over all decent smartphone,0.7783,Positive
"vivo T3 Pro 5G (Sandstone Orange, 128 GB)  (8 GB RAM)",Battery,charging speed,battery is super    55front camera is good   45back camera portrait mode us osm  55performances is osm  55charging speed is osm    55finally we ignoreing front camera than over all decent smartphone,0.7783,Positive
"vivo T3 Pro 5G (Sandstone Orange, 128 GB)  (8 GB RAM)",Camera,portrait mode,battery is super    55front camera is good   45back camera portrait mode us osm  55performances is osm  55charging speed is osm    55finally we ignoreing front camera than over all decent smartphone,0.7783,Positive
"vivo T3 Pro 5G (Sandstone Orange, 128 GB)  (8 GB RAM)",Face Unlock / Fingerprint,speed,battery is super    55front camera is good   45back camera portrait mode us osm  55performances is osm  55charging speed is osm    55finally we ignoreing front camera than over all decent smartphone,0.7783,Positive
"vivo T3 Pro 5G (Sandstone Orange, 128 GB)  (8 GB RAM)",Performance,processor,i purchased it at 23k and its totally worth it the price compared to edge 50 neo and nord ce 4 this is the best phone across all aspects likebattery camera processordisplay so buy it you will not regret it,0.8283,Positive
"vivo T4x 5G (Marine Blue, 128 GB)  (6 GB RAM)",Performance,speed,this phone is performance wise decent but display quality is not that perfect battery life is amazing  charging speed is a bit slow  app openings are smooth speaker quality is not perfect call quality is good  camera quality is good for the price,0.7879,Positive
"vivo T4x 5G (Marine Blue, 128 GB)  (6 GB RAM)",Battery,battery life,this phone is performance wise decent but display quality is not that perfect battery life is amazing  charging speed is a bit slow  app openings are smooth speaker quality is not perfect call quality is good  camera quality is good for the price,0.7879,Positive
"vivo T4x 5G (Marine Blue, 128 GB)  (6 GB RAM)",Battery,charging speed,this phone is performance wise decent but display quality is not that perfect battery life is amazing  charging speed is a bit slow  app openings are smooth speaker quality is not perfect call quality is good  camera quality is good for the price,0.7879,Positive
"vivo T4x 5G (Marine Blue, 128 GB)  (6 GB RAM)",Audio,speaker quality,this phone is performance wise decent but display quality is not that perfect battery life is amazing  charging speed is a bit slow  app openings are smooth speaker quality is not perfect call quality is good  camera quality is good for the price,0.7879,Positive
"vivo T4x 5G (Marine Blue, 128 GB)  (6 GB RAM)",Connectivity,call quality,this phone is performance wise decent but display quality is not that perfect battery life is amazing  charging speed is a bit slow  app openings are smooth speaker quality is not perfect call quality is good  camera quality is good for the price,0.7879,Positive
"vivo T4x 5G (Marine Blue, 128 GB)  (6 GB RAM)",Face Unlock / Fingerprint,speed,this phone is performance wise decent but display quality is not that perfect battery life is amazing  charging speed is a bit slow  app openings are smooth speaker quality is not perfect call quality is good  camera quality is good for the price,0.7879,Positive
"vivo T4x 5G (Marine Blue, 128 GB)  (6 GB RAM)",Performance,ram,under 15k it is good choice  camera battery  design display 120hz but lcd  all good  with bgmi  60fps stable game  but minor delay in gyro  after 2 hour gaming  i dont know that was lag or frame drop or gyro delay  but it happend only one time this phone is one step ahead in this price segment of other smartphones just go for it  hope it helps,0.6369,Positive
"vivo T4x 5G (Marine Blue, 128 GB)  (6 GB RAM)",Design,build quality,battery  impressive performance impressive build quality goodcamera good overall value for money go for it,0.8979,Positive
"vivo T4x 5G (Marine Blue, 128 GB)  (6 GB RAM)",Performance,speed,first time vivo product is awesome  within 2days delivery  a camera with this budget is worthy battery  is awesome and the charging speed is within 90minutesperformance is good  playing bgmi is good no lag and better performance  design also wonderful overall the mobile is awesome and great in this budget,0.9878,Positive
"vivo T4x 5G (Marine Blue, 128 GB)  (6 GB RAM)",Battery,charging speed,first time vivo product is awesome  within 2days delivery  a camera with this budget is worthy battery  is awesome and the charging speed is within 90minutesperformance is good  playing bgmi is good no lag and better performance  design also wonderful overall the mobile is awesome and great in this budget,0.9878,Positive
"vivo T4x 5G (Marine Blue, 128 GB)  (6 GB RAM)",Face Unlock / Fingerprint,speed,first time vivo product is awesome  within 2days delivery  a camera with this budget is worthy battery  is awesome and the charging speed is within 90minutesperformance is good  playing bgmi is good no lag and better performance  design also wonderful overall the mobile is awesome and great in this budget,0.9878,Positive
"vivo T4x 5G (Marine Blue, 128 GB)  (6 GB RAM)",Performance,processor,55  extremely impressedim absolutely blown away by the vivo t1x 5g this phone has exceeded all my expectations and has become my daily driverthe performance is lightningfast thanks to the powerful processor and ample ram multitasking is a breeze and ive never experienced any lag or slowdownsthe display is stunning with vibrant colors and crisp visuals watching videos and playing games is an immersive experience like never beforethe battery life is incredible easily l,0.9683,Positive
"vivo T4x 5G (Marine Blue, 128 GB)  (6 GB RAM)",Performance,ram,55  extremely impressedim absolutely blown away by the vivo t1x 5g this phone has exceeded all my expectations and has become my daily driverthe performance is lightningfast thanks to the powerful processor and ample ram multitasking is a breeze and ive never experienced any lag or slowdownsthe display is stunning with vibrant colors and crisp visuals watching videos and playing games is an immersive experience like never beforethe battery life is incredible easily l,0.9683,Positive
"vivo T4x 5G (Marine Blue, 128 GB)  (6 GB RAM)",Battery,battery life,55  extremely impressedim absolutely blown away by the vivo t1x 5g this phone has exceeded all my expectations and has become my daily driverthe performance is lightningfast thanks to the powerful processor and ample ram multitasking is a breeze and ive never experienced any lag or slowdownsthe display is stunning with vibrant colors and crisp visuals watching videos and playing games is an immersive experience like never beforethe battery life is incredible easily l,0.9683,Positive
"vivo T4x 5G (Marine Blue, 128 GB)  (6 GB RAM)",Design,weight,a good device for daily need design  55in hand feel  55 light weightdisplay  35 colours are not crisp fadedperformance  55 smoothestcamera  35 averagespeaker  45battery  55 takes 15 hrs to reach 20 to 100satisfied with one day deliverygifted the device to my fathercomes with android 15 and 2 yrs of os upgrade and 44w fast charging is pretty decent,0.8555,Positive
"vivo T4x 5G (Marine Blue, 128 GB)  (6 GB RAM)",Performance,processor,great phone with super smooth processor and long battery happy to have it,0.9136,Positive
"vivo T4x 5G (Marine Blue, 128 GB)  (6 GB RAM)",Performance,processor,design and appearance is nice very cool in the segmentperformance of the processor is also also smooth and cleancame with some bloatware apps but you can remove them easilyaura light in the back is really a nice thing that makes it different and unmatched in the segmentwell i am not gamer and i dont need a amoled display this was a fabulous purchase for me it is not so bulky with 6500 mah massive battery,0.8993,Positive
"vivo T4x 5G (Marine Blue, 128 GB)  (6 GB RAM)",Software,bloatware,design and appearance is nice very cool in the segmentperformance of the processor is also also smooth and cleancame with some bloatware apps but you can remove them easilyaura light in the back is really a nice thing that makes it different and unmatched in the segmentwell i am not gamer and i dont need a amoled display this was a fabulous purchase for me it is not so bulky with 6500 mah massive battery,0.8993,Positive
"vivo T4x 5G (Marine Blue, 128 GB)  (6 GB RAM)",Performance,processor,good budget phone with big battery  and powerfull processor,0.4404,Positive
"vivo T4x 5G (Marine Blue, 128 GB)  (6 GB RAM)",Performance,processor,best phone under 15k 1 camera  2 processor 3 battery 4 speakers only one thing i didnt like is call volume it is low,0.2477,Positive
"vivo T4x 5G (Marine Blue, 128 GB)  (6 GB RAM)",Accessories,earphones,this is my  first time giving review in flipkartim prettty impressed by vivo t4x5gthe battery is outstanding solid 9510performance is smooth solid 910camera is good in this rangethis is a all rounder phonedrawback for earphones jack there is no traditional jack but c type port which is slight disadvantage i should sayoverall the phone is really good and i highly recommend to you guysstop going for phone haunting you have reach the right placewhat are you waiting for simply place,0.8562,Positive
"vivo T4x 5G (Marine Blue, 128 GB)  (6 GB RAM)",Design,weight,before buying i think it  cant extend the extra memory card there is no memory card option in this phone and a little bit of weight otherwise the phone is good battery is super and the charger is getting hot,0.6227,Positive
"vivo T4x 5G (Marine Blue, 128 GB)  (6 GB RAM)",Battery,battery life,pros1battery life2design3 comes with transparent plastic cover screen protector and charger cons1average display2lags sometimes in showing contacts call history etc3little bit on heavier side to hold in one hand4side finger scanner not responsive enough on touch needs slight pressure 4avergae camera,-0.4619,Negative
"vivo T4x 5G (Marine Blue, 128 GB)  (6 GB RAM)",Accessories,screen protector,pros1battery life2design3 comes with transparent plastic cover screen protector and charger cons1average display2lags sometimes in showing contacts call history etc3little bit on heavier side to hold in one hand4side finger scanner not responsive enough on touch needs slight pressure 4avergae camera,-0.4619,Negative
"vivo T4x 5G (Marine Blue, 128 GB)  (6 GB RAM)",Design,build quality,average productdisplay average experience speaker average experience camera average not expected chargeing time too latenot expected connectivity averagebuild quality averagejust ok ok product as your choice to buy,0.5267,Positive
